product,category,type,price,cost,quantity,date,user,createdAt,updatedAt
TV D,Electronics,Retail Sale,45000,40000,4,2026-01-22T00:00:00,696debb38e4cf87559b30126,2026-01-19T10:46:05.085935,2026-01-19T10:46:05.086324
Smartwatch E,Electronics,Retail Sale,12000,9000,2,2026-01-06T00:00:00,696debb38e4cf87559b30126,2026-01-19T10:46:05.086422,2026-01-19T10:46:05.086434
Headphone C,Electronics,Retail Sale,3000,2500,4,2026-01-13T00:00:00,696debb38e4cf87559b30126,2026-01-19T10:46:05.086466,2026-01-19T10:46:05.086472
Smartwatch E,Electronics,Retail Sale,12000,9000,6,2026-02-22T00:00:00,696debb38e4cf87559b30126,2026-01-19T10:46:05.086568,2026-01-19T10:46:05.086574
Smartwatch E,Electronics,Retail Sale,12000,9000,10,2026-01-22T00:00:00,696debb38e4cf87559b30126,2026-01-19T10:46:05.086592,2026-01-19T10:46:05.086595
TV D,Electronics,Retail Sale,45000,40000,9,2026-01-30T00:00:00,696debb38e4cf87559b30126,2026-01-19T10:46:05.086607,2026-01-19T10:46:05.086610
Headphone C,Electronics,Retail Sale,3000,2500,1,2026-02-19T00:00:00,696debb38e4cf87559b30126,2026-01-19T10:46:05.086621,2026-01-19T10:46:05.086624
Smartwatch E,Electronics,Retail Sale,12000,9000,3,2026-01-02T00:00:00,696debb38e4cf87559b30126,2026-01-19T10:46:05.086635,2026-01-19T10:46:05.086638
Smartphone A,Electronics,Retail Sale,25000,21000,2,2026-01-12T00:00:00,696debb38e4cf87559b30126,2026-01-19T10:46:05.086649,2026-01-19T10:46:05.086652
Headphone C,Electronics,Retail Sale,3000,2500,4,2026-02-18T00:00:00,696debb38e4cf87559b30126,2026-01-19T10:46:05.086663,2026-01-19T10:46:05.086666
Laptop B,Electronics,Retail Sale,60000,52000,4,2026-02-15T00:00:00,696debb38e4cf87559b30126,2026-01-19T10:46:05.086677,2026-01-19T10:46:05.086680
Smartphone A,Electronics,Retail Sale,25000,21000,7,2026-02-12T00:00:00,696debb38e4cf87559b30126,2026-01-19T10:46:05.086691,2026-01-19T10:46:05.086694
TV D,Electronics,Retail Sale,45000,40000,4,2026-02-16T00:00:00,696debb38e4cf87559b30126,2026-01-19T10:46:05.086705,2026-01-19T10:46:05.086707
Laptop B,Electronics,Retail Sale,60000,52000,4,2026-02-22T00:00:00,696debb38e4cf87559b30126,2026-01-19T10:46:05.086726,2026-01-19T10:46:05.086729
Laptop B,Electronics,Retail Sale,60000,52000,3,2026-02-22T00:00:00,696debb38e4cf87559b30126,2026-01-19T10:46:05.086739,2026-01-19T10:46:05.086742
Smartphone A,Electronics,Retail Sale,25000,21000,2,2026-01-24T00:00:00,696debb38e4cf87559b30126,2026-01-19T10:46:05.086753,2026-01-19T10:46:05.086755
Laptop B,Electronics,Retail Sale,60000,52000,1,2026-01-04T00:00:00,696debb38e4cf87559b30126,2026-01-19T10:46:05.086767,2026-01-19T10:46:05.086769
Laptop B,Electronics,Retail Sale,60000,52000,3,2026-02-24T00:00:00,696debb38e4cf87559b30126,2026-01-19T10:46:05.086780,2026-01-19T10:46:05.086783
Smartwatch E,Electronics,Retail Sale,12000,9000,6,2026-01-09T00:00:00,696debb38e4cf87559b30126,2026-01-19T10:46:05.086793,2026-01-19T10:46:05.086796
Headphone C,Electronics,Retail Sale,3000,2500,10,2026-01-17T00:00:00,696debb38e4cf87559b30126,2026-01-19T10:46:05.086807,2026-01-19T10:46:05.086809
TV D,Electronics,Retail Sale,45000,40000,2,2026-01-18T00:00:00,696debb38e4cf87559b30126,2026-01-19T10:46:05.086820,2026-01-19T10:46:05.086823
Smartphone A,Electronics,Retail Sale,25000,21000,6,2026-01-09T00:00:00,696debb38e4cf87559b30126,2026-01-19T10:46:05.086833,2026-01-19T10:46:05.086836
Laptop B,Electronics,Retail Sale,60000,52000,10,2026-03-01T00:00:00,696debb38e4cf87559b30126,2026-01-19T10:46:05.086854,2026-01-19T10:46:05.086857
Smartwatch E,Electronics,Retail Sale,12000,9000,7,2026-01-19T00:00:00,696debb38e4cf87559b30126,2026-01-19T10:46:05.086868,2026-01-19T10:46:05.086871
Smartphone A,Electronics,Retail Sale,25000,21000,9,2026-01-19T00:00:00,696debb38e4cf87559b30126,2026-01-19T10:46:05.086890,2026-01-19T10:46:05.086892
Headphone C,Electronics,Retail Sale,3000,2500,5,2026-03-02T00:00:00,696debb38e4cf87559b30126,2026-01-19T10:46:05.086913,2026-01-19T10:46:05.086917
Smartphone A,Electronics,Retail Sale,25000,21000,3,2026-01-28T00:00:00,696debb38e4cf87559b30126,2026-01-19T10:46:05.086929,2026-01-19T10:46:05.086932
TV D,Electronics,Retail Sale,45000,40000,2,2026-01-31T00:00:00,696debb38e4cf87559b30126,2026-01-19T10:46:05.086943,2026-01-19T10:46:05.086945
Laptop B,Electronics,Retail Sale,60000,52000,9,2026-02-18T00:00:00,696debb38e4cf87559b30126,2026-01-19T10:46:05.086956,2026-01-19T10:46:05.086958
Smartphone A,Electronics,Retail Sale,25000,21000,2,2026-02-15T00:00:00,696debb38e4cf87559b30126,2026-01-19T10:46:05.086969,2026-01-19T10:46:05.086972
Laptop B,Electronics,Retail Sale,60000,52000,2,2026-01-21T00:00:00,696debb38e4cf87559b30126,2026-01-19T10:46:05.086982,2026-01-19T10:46:05.086985
Smartwatch E,Electronics,Retail Sale,12000,9000,3,2026-01-30T00:00:00,696debb38e4cf87559b30126,2026-01-19T10:46:05.086995,2026-01-19T10:46:05.086998
TV D,Electronics,Retail Sale,45000,40000,9,2026-02-20T00:00:00,696debb38e4cf87559b30126,2026-01-19T10:46:05.087009,2026-01-19T10:46:05.087012
TV D,Electronics,Retail Sale,45000,40000,4,2026-01-30T00:00:00,696debb38e4cf87559b30126,2026-01-19T10:46:05.087023,2026-01-19T10:46:05.087025
Smartwatch E,Electronics,Retail Sale,12000,9000,9,2026-02-07T00:00:00,696debb38e4cf87559b30126,2026-01-19T10:46:05.087039,2026-01-19T10:46:05.087042
Smartwatch E,Electronics,Retail Sale,12000,9000,3,2026-01-19T00:00:00,696debb38e4cf87559b30126,2026-01-19T10:46:05.087053,2026-01-19T10:46:05.087055
Laptop B,Electronics,Retail Sale,60000,52000,3,2026-02-07T00:00:00,696debb38e4cf87559b30126,2026-01-19T10:46:05.087066,2026-01-19T10:46:05.087069
Smartphone A,Electronics,Retail Sale,25000,21000,7,2026-01-22T00:00:00,696debb38e4cf87559b30126,2026-01-19T10:46:05.087079,2026-01-19T10:46:05.087082
Laptop B,Electronics,Retail Sale,60000,52000,7,2026-02-16T00:00:00,696debb38e4cf87559b30126,2026-01-19T10:46:05.087093,2026-01-19T10:46:05.087095
TV D,Electronics,Retail Sale,45000,40000,6,2026-02-13T00:00:00,696debb38e4cf87559b30126,2026-01-19T10:46:05.087106,2026-01-19T10:46:05.087109
Smartwatch E,Electronics,Retail Sale,12000,9000,2,2026-01-12T00:00:00,696debb38e4cf87559b30126,2026-01-19T10:46:05.087119,2026-01-19T10:46:05.087122
Laptop B,Electronics,Retail Sale,60000,52000,10,2026-01-21T00:00:00,696debb38e4cf87559b30126,2026-01-19T10:46:05.087133,2026-01-19T10:46:05.087135
Laptop B,Electronics,Retail Sale,60000,52000,1,2026-02-06T00:00:00,696debb38e4cf87559b30126,2026-01-19T10:46:05.087146,2026-01-19T10:46:05.087149
Laptop B,Electronics,Retail Sale,60000,52000,6,2026-02-06T00:00:00,696debb38e4cf87559b30126,2026-01-19T10:46:05.087160,2026-01-19T10:46:05.087162
TV D,Electronics,Retail Sale,45000,40000,10,2026-01-11T00:00:00,696debb38e4cf87559b30126,2026-01-19T10:46:05.087173,2026-01-19T10:46:05.087175
TV D,Electronics,Retail Sale,45000,40000,7,2026-01-25T00:00:00,696debb38e4cf87559b30126,2026-01-19T10:46:05.087185,2026-01-19T10:46:05.087188
TV D,Electronics,Retail Sale,45000,40000,10,2026-02-04T00:00:00,696debb38e4cf87559b30126,2026-01-19T10:46:05.087199,2026-01-19T10:46:05.087202
Laptop B,Electronics,Retail Sale,60000,52000,1,2026-02-05T00:00:00,696debb38e4cf87559b30126,2026-01-19T10:46:05.087212,2026-01-19T10:46:05.087215
Laptop B,Electronics,Retail Sale,60000,52000,1,2026-02-22T00:00:00,696debb38e4cf87559b30126,2026-01-19T10:46:05.087225,2026-01-19T10:46:05.087228
Laptop B,Electronics,Retail Sale,60000,52000,9,2026-02-20T00:00:00,696debb38e4cf87559b30126,2026-01-19T10:46:05.087239,2026-01-19T10:46:05.087242
Headphone C,Electronics,Retail Sale,3000,2500,3,2026-02-02T00:00:00,696debb38e4cf87559b30126,2026-01-19T10:46:05.087252,2026-01-19T10:46:05.087255
Laptop B,Electronics,Retail Sale,60000,52000,3,2026-02-06T00:00:00,696debb38e4cf87559b30126,2026-01-19T10:46:05.087266,2026-01-19T10:46:05.087269
Headphone C,Electronics,Retail Sale,3000,2500,8,2026-02-21T00:00:00,696debb38e4cf87559b30126,2026-01-19T10:46:05.087280,2026-01-19T10:46:05.087282
Smartphone A,Electronics,Retail Sale,25000,21000,5,2026-02-03T00:00:00,696debb38e4cf87559b30126,2026-01-19T10:46:05.087293,2026-01-19T10:46:05.087296
TV D,Electronics,Retail Sale,45000,40000,8,2026-02-17T00:00:00,696debb38e4cf87559b30126,2026-01-19T10:46:05.087306,2026-01-19T10:46:05.087309
Smartphone A,Electronics,Retail Sale,25000,21000,4,2026-01-31T00:00:00,696debb38e4cf87559b30126,2026-01-19T10:46:05.087322,2026-01-19T10:46:05.087325
Smartphone A,Electronics,Retail Sale,25000,21000,3,2026-02-10T00:00:00,696debb38e4cf87559b30126,2026-01-19T10:46:05.087354,2026-01-19T10:46:05.087357
Smartphone A,Electronics,Retail Sale,25000,21000,3,2026-01-21T00:00:00,696debb38e4cf87559b30126,2026-01-19T10:46:05.087368,2026-01-19T10:46:05.087371
Laptop B,Electronics,Retail Sale,60000,52000,8,2026-02-23T00:00:00,696debb38e4cf87559b30126,2026-01-19T10:46:05.087382,2026-01-19T10:46:05.087384
TV D,Electronics,Retail Sale,45000,40000,3,2026-02-14T00:00:00,696debb38e4cf87559b30126,2026-01-19T10:46:05.087395,2026-01-19T10:46:05.087398
Smartphone A,Electronics,Retail Sale,25000,21000,5,2026-01-21T00:00:00,696debb38e4cf87559b30126,2026-01-19T10:46:05.087409,2026-01-19T10:46:05.087412
Smartphone A,Electronics,Retail Sale,25000,21000,4,2026-01-26T00:00:00,696debb38e4cf87559b30126,2026-01-19T10:46:05.087422,2026-01-19T10:46:05.087425
Smartphone A,Electronics,Retail Sale,25000,21000,1,2026-02-20T00:00:00,696debb38e4cf87559b30126,2026-01-19T10:46:05.087436,2026-01-19T10:46:05.087439
Laptop B,Electronics,Retail Sale,60000,52000,6,2026-01-18T00:00:00,696debb38e4cf87559b30126,2026-01-19T10:46:05.087450,2026-01-19T10:46:05.087452
Smartwatch E,Electronics,Retail Sale,12000,9000,2,2026-02-17T00:00:00,696debb38e4cf87559b30126,2026-01-19T10:46:05.087463,2026-01-19T10:46:05.087466
TV D,Electronics,Retail Sale,45000,40000,7,2026-01-30T00:00:00,696debb38e4cf87559b30126,2026-01-19T10:46:05.087477,2026-01-19T10:46:05.087480
Laptop B,Electronics,Retail Sale,60000,52000,4,2026-01-26T00:00:00,696debb38e4cf87559b30126,2026-01-19T10:46:05.087491,2026-01-19T10:46:05.087493
Smartphone A,Electronics,Retail Sale,25000,21000,4,2026-02-11T00:00:00,696debb38e4cf87559b30126,2026-01-19T10:46:05.087504,2026-01-19T10:46:05.087507
Smartphone A,Electronics,Retail Sale,25000,21000,3,2026-01-13T00:00:00,696debb38e4cf87559b30126,2026-01-19T10:46:05.087517,2026-01-19T10:46:05.087520
Laptop B,Electronics,Retail Sale,60000,52000,8,2026-02-19T00:00:00,696debb38e4cf87559b30126,2026-01-19T10:46:05.087531,2026-01-19T10:46:05.087534
Smartphone A,Electronics,Retail Sale,25000,21000,1,2026-02-07T00:00:00,696debb38e4cf87559b30126,2026-01-19T10:46:05.087545,2026-01-19T10:46:05.087547
TV D,Electronics,Retail Sale,45000,40000,6,2026-02-22T00:00:00,696debb38e4cf87559b30126,2026-01-19T10:46:05.087558,2026-01-19T10:46:05.087561
Smartphone A,Electronics,Retail Sale,25000,21000,3,2026-01-17T00:00:00,696debb38e4cf87559b30126,2026-01-19T10:46:05.087572,2026-01-19T10:46:05.087575
Smartphone A,Electronics,Retail Sale,25000,21000,10,2026-01-17T00:00:00,696debb38e4cf87559b30126,2026-01-19T10:46:05.087586,2026-01-19T10:46:05.087588
Headphone C,Electronics,Retail Sale,3000,2500,1,2026-01-24T00:00:00,696debb38e4cf87559b30126,2026-01-19T10:46:05.087599,2026-01-19T10:46:05.087602
Laptop B,Electronics,Retail Sale,60000,52000,7,2026-02-01T00:00:00,696debb38e4cf87559b30126,2026-01-19T10:46:05.087613,2026-01-19T10:46:05.087616
Laptop B,Electronics,Retail Sale,60000,52000,7,2026-01-16T00:00:00,696debb38e4cf87559b30126,2026-01-19T10:46:05.087626,2026-01-19T10:46:05.087629
Laptop B,Electronics,Retail Sale,60000,52000,8,2026-01-24T00:00:00,696debb38e4cf87559b30126,2026-01-19T10:46:05.087639,2026-01-19T10:46:05.087642
TV D,Electronics,Retail Sale,45000,40000,4,2026-01-10T00:00:00,696debb38e4cf87559b30126,2026-01-19T10:46:05.087653,2026-01-19T10:46:05.087655
Smartwatch E,Electronics,Retail Sale,12000,9000,4,2026-02-11T00:00:00,696debb38e4cf87559b30126,2026-01-19T10:46:05.087666,2026-01-19T10:46:05.087669
Smartwatch E,Electronics,Retail Sale,12000,9000,8,2026-01-03T00:00:00,696debb38e4cf87559b30126,2026-01-19T10:46:05.087679,2026-01-19T10:46:05.087682
Headphone C,Electronics,Retail Sale,3000,2500,3,2026-02-10T00:00:00,696debb38e4cf87559b30126,2026-01-19T10:46:05.087693,2026-01-19T10:46:05.087696
TV D,Electronics,Retail Sale,45000,40000,2,2026-02-05T00:00:00,696debb38e4cf87559b30126,2026-01-19T10:46:05.087707,2026-01-19T10:46:05.087709
Smartphone A,Electronics,Retail Sale,25000,21000,9,2026-01-08T00:00:00,696debb38e4cf87559b30126,2026-01-19T10:46:05.087720,2026-01-19T10:46:05.087722
Smartwatch E,Electronics,Retail Sale,12000,9000,7,2026-01-13T00:00:00,696debb38e4cf87559b30126,2026-01-19T10:46:05.087733,2026-01-19T10:46:05.087736
TV D,Electronics,Retail Sale,45000,40000,7,2026-01-20T00:00:00,696debb38e4cf87559b30126,2026-01-19T10:46:05.087747,2026-01-19T10:46:05.087750
Laptop B,Electronics,Retail Sale,60000,52000,3,2026-01-20T00:00:00,696debb38e4cf87559b30126,2026-01-19T10:46:05.087760,2026-01-19T10:46:05.087763
Laptop B,Electronics,Retail Sale,60000,52000,2,2026-02-10T00:00:00,696debb38e4cf87559b30126,2026-01-19T10:46:05.087773,2026-01-19T10:46:05.087776
Smartwatch E,Electronics,Retail Sale,12000,9000,5,2026-02-19T00:00:00,696debb38e4cf87559b30126,2026-01-19T10:46:05.087787,2026-01-19T10:46:05.087790
Smartphone A,Electronics,Retail Sale,25000,21000,1,2026-02-08T00:00:00,696debb38e4cf87559b30126,2026-01-19T10:46:05.087800,2026-01-19T10:46:05.087803
Laptop B,Electronics,Retail Sale,60000,52000,6,2026-01-04T00:00:00,696debb38e4cf87559b30126,2026-01-19T10:46:05.087814,2026-01-19T10:46:05.087817
Smartwatch E,Electronics,Retail Sale,12000,9000,8,2026-02-22T00:00:00,696debb38e4cf87559b30126,2026-01-19T10:46:05.087827,2026-01-19T10:46:05.087830
Smartwatch E,Electronics,Retail Sale,12000,9000,10,2026-02-16T00:00:00,696debb38e4cf87559b30126,2026-01-19T10:46:05.087840,2026-01-19T10:46:05.087843
TV D,Electronics,Retail Sale,45000,40000,4,2026-01-12T00:00:00,696debb38e4cf87559b30126,2026-01-19T10:46:05.087854,2026-01-19T10:46:05.087856
Headphone C,Electronics,Retail Sale,3000,2500,1,2026-02-02T00:00:00,696debb38e4cf87559b30126,2026-01-19T10:46:05.087867,2026-01-19T10:46:05.087870
Smartphone A,Electronics,Retail Sale,25000,21000,3,2026-02-01T00:00:00,696debb38e4cf87559b30126,2026-01-19T10:46:05.087880,2026-01-19T10:46:05.087883
Laptop B,Electronics,Retail Sale,60000,52000,2,2026-02-21T00:00:00,696debb38e4cf87559b30126,2026-01-19T10:46:05.087893,2026-01-19T10:46:05.087896
Smartphone A,Electronics,Retail Sale,25000,21000,1,2026-02-01T00:00:00,696debb38e4cf87559b30126,2026-01-19T10:46:05.087914,2026-01-19T10:46:05.087917
Headphone C,Electronics,Retail Sale,3000,2500,9,2026-01-21T00:00:00,696debb38e4cf87559b30126,2026-01-19T10:46:05.087928,2026-01-19T10:46:05.087931
Smartwatch E,Electronics,Retail Sale,12000,9000,3,2026-01-09T00:00:00,696debb38e4cf87559b30126,2026-01-19T10:46:05.087942,2026-01-19T10:46:05.087944
Smartphone A,Electronics,Retail Sale,25000,21000,7,2026-02-04T00:00:00,696debb38e4cf87559b30126,2026-01-19T10:46:05.087957,2026-01-19T10:46:05.087959
TV D,Electronics,Retail Sale,45000,40000,10,2026-01-19T00:00:00,696debb38e4cf87559b30126,2026-01-19T10:46:05.087969,2026-01-19T10:46:05.087972
Headphone C,Electronics,Retail Sale,3000,2500,3,2026-01-09T00:00:00,696debb38e4cf87559b30126,2026-01-19T10:46:05.087982,2026-01-19T10:46:05.087985
Headphone C,Electronics,Retail Sale,3000,2500,2,2026-02-09T00:00:00,696debb38e4cf87559b30126,2026-01-19T10:46:05.087995,2026-01-19T10:46:05.087998
TV D,Electronics,Retail Sale,45000,40000,10,2026-02-18T00:00:00,696debb38e4cf87559b30126,2026-01-19T10:46:05.088008,2026-01-19T10:46:05.088011
Laptop B,Electronics,Retail Sale,60000,52000,2,2026-02-08T00:00:00,696debb38e4cf87559b30126,2026-01-19T10:46:05.088021,2026-01-19T10:46:05.088023
Smartphone A,Electronics,Retail Sale,25000,21000,5,2026-02-12T00:00:00,696debb38e4cf87559b30126,2026-01-19T10:46:05.088033,2026-01-19T10:46:05.088036
Smartwatch E,Electronics,Retail Sale,12000,9000,6,2026-01-04T00:00:00,696debb38e4cf87559b30126,2026-01-19T10:46:05.088046,2026-01-19T10:46:05.088049
Laptop B,Electronics,Retail Sale,60000,52000,4,2026-02-08T00:00:00,696debb38e4cf87559b30126,2026-01-19T10:46:05.088059,2026-01-19T10:46:05.088061
TV D,Electronics,Retail Sale,45000,40000,5,2026-02-18T00:00:00,696debb38e4cf87559b30126,2026-01-19T10:46:05.088072,2026-01-19T10:46:05.088074
Laptop B,Electronics,Retail Sale,60000,52000,7,2026-01-31T00:00:00,696debb38e4cf87559b30126,2026-01-19T10:46:05.088084,2026-01-19T10:46:05.088087
TV D,Electronics,Retail Sale,45000,40000,7,2026-01-23T00:00:00,696debb38e4cf87559b30126,2026-01-19T10:46:05.088097,2026-01-19T10:46:05.088100
Smartwatch E,Electronics,Retail Sale,12000,9000,2,2026-02-02T00:00:00,696debb38e4cf87559b30126,2026-01-19T10:46:05.088118,2026-01-19T10:46:05.088121
Headphone C,Electronics,Retail Sale,3000,2500,2,2026-01-26T00:00:00,696debb38e4cf87559b30126,2026-01-19T10:46:05.088131,2026-01-19T10:46:05.088134
Smartphone A,Electronics,Retail Sale,25000,21000,1,2026-02-08T00:00:00,696debb38e4cf87559b30126,2026-01-19T10:46:05.088144,2026-01-19T10:46:05.088146
Laptop B,Electronics,Retail Sale,60000,52000,5,2026-01-10T00:00:00,696debb38e4cf87559b30126,2026-01-19T10:46:05.088157,2026-01-19T10:46:05.088163
Laptop B,Electronics,Retail Sale,60000,52000,1,2026-01-23T00:00:00,696debb38e4cf87559b30126,2026-01-19T10:46:05.088175,2026-01-19T10:46:05.088178
Headphone C,Electronics,Retail Sale,3000,2500,4,2026-02-28T00:00:00,696debb38e4cf87559b30126,2026-01-19T10:46:05.088188,2026-01-19T10:46:05.088191
Headphone C,Electronics,Retail Sale,3000,2500,5,2026-02-12T00:00:00,696debb38e4cf87559b30126,2026-01-19T10:46:05.088201,2026-01-19T10:46:05.088204
Headphone C,Electronics,Retail Sale,3000,2500,1,2026-02-03T00:00:00,696debb38e4cf87559b30126,2026-01-19T10:46:05.088214,2026-01-19T10:46:05.088216
TV D,Electronics,Retail Sale,45000,40000,5,2026-01-11T00:00:00,696debb38e4cf87559b30126,2026-01-19T10:46:05.088227,2026-01-19T10:46:05.088230
Smartwatch E,Electronics,Retail Sale,12000,9000,5,2026-01-03T00:00:00,696debb38e4cf87559b30126,2026-01-19T10:46:05.088240,2026-01-19T10:46:05.088243
Smartwatch E,Electronics,Retail Sale,12000,9000,6,2026-01-28T00:00:00,696debb38e4cf87559b30126,2026-01-19T10:46:05.088253,2026-01-19T10:46:05.088256
Smartwatch E,Electronics,Retail Sale,12000,9000,8,2026-01-27T00:00:00,696debb38e4cf87559b30126,2026-01-19T10:46:05.088265,2026-01-19T10:46:05.088268
Headphone C,Electronics,Retail Sale,3000,2500,1,2026-02-13T00:00:00,696debb38e4cf87559b30126,2026-01-19T10:46:05.088278,2026-01-19T10:46:05.088281
TV D,Electronics,Retail Sale,45000,40000,5,2026-02-09T00:00:00,696debb38e4cf87559b30126,2026-01-19T10:46:05.088292,2026-01-19T10:46:05.088294
Headphone C,Electronics,Retail Sale,3000,2500,1,2026-01-19T00:00:00,696debb38e4cf87559b30126,2026-01-19T10:46:05.088304,2026-01-19T10:46:05.088307
Headphone C,Electronics,Retail Sale,3000,2500,4,2026-01-08T00:00:00,696debb38e4cf87559b30126,2026-01-19T10:46:05.088318,2026-01-19T10:46:05.088320
Smartphone A,Electronics,Retail Sale,25000,21000,8,2026-01-03T00:00:00,696debb38e4cf87559b30126,2026-01-19T10:46:05.088330,2026-01-19T10:46:05.088333
Smartwatch E,Electronics,Retail Sale,12000,9000,4,2026-01-31T00:00:00,696debb38e4cf87559b30126,2026-01-19T10:46:05.088343,2026-01-19T10:46:05.088346
Smartphone A,Electronics,Retail Sale,25000,21000,9,2026-01-09T00:00:00,696debb38e4cf87559b30126,2026-01-19T10:46:05.088356,2026-01-19T10:46:05.088359
Smartwatch E,Electronics,Retail Sale,12000,9000,3,2026-02-24T00:00:00,696debb38e4cf87559b30126,2026-01-19T10:46:05.088369,2026-01-19T10:46:05.088371
Laptop B,Electronics,Retail Sale,60000,52000,7,2026-02-06T00:00:00,696debb38e4cf87559b30126,2026-01-19T10:46:05.088381,2026-01-19T10:46:05.088384
Laptop B,Electronics,Retail Sale,60000,52000,2,2026-03-01T00:00:00,696debb38e4cf87559b30126,2026-01-19T10:46:05.088394,2026-01-19T10:46:05.088397
TV D,Electronics,Retail Sale,45000,40000,5,2026-02-26T00:00:00,696debb38e4cf87559b30126,2026-01-19T10:46:05.088407,2026-01-19T10:46:05.088410
Laptop B,Electronics,Retail Sale,60000,52000,4,2026-01-18T00:00:00,696debb38e4cf87559b30126,2026-01-19T10:46:05.088420,2026-01-19T10:46:05.088422
TV D,Electronics,Retail Sale,45000,40000,10,2026-01-21T00:00:00,696debb38e4cf87559b30126,2026-01-19T10:46:05.088432,2026-01-19T10:46:05.088435
TV D,Electronics,Retail Sale,45000,40000,10,2026-01-08T00:00:00,696debb38e4cf87559b30126,2026-01-19T10:46:05.088445,2026-01-19T10:46:05.088448
Smartwatch E,Electronics,Retail Sale,12000,9000,9,2026-01-26T00:00:00,696debb38e4cf87559b30126,2026-01-19T10:46:05.088458,2026-01-19T10:46:05.088461
Smartwatch E,Electronics,Retail Sale,12000,9000,7,2026-02-05T00:00:00,696debb38e4cf87559b30126,2026-01-19T10:46:05.088471,2026-01-19T10:46:05.088474
Laptop B,Electronics,Retail Sale,60000,52000,10,2026-01-27T00:00:00,696debb38e4cf87559b30126,2026-01-19T10:46:05.088484,2026-01-19T10:46:05.088486
TV D,Electronics,Retail Sale,45000,40000,5,2026-01-16T00:00:00,696debb38e4cf87559b30126,2026-01-19T10:46:05.088496,2026-01-19T10:46:05.088499
TV D,Electronics,Retail Sale,45000,40000,4,2026-01-28T00:00:00,696debb38e4cf87559b30126,2026-01-19T10:46:05.088508,2026-01-19T10:46:05.088511
Smartphone A,Electronics,Retail Sale,25000,21000,10,2026-01-23T00:00:00,696debb38e4cf87559b30126,2026-01-19T10:46:05.088521,2026-01-19T10:46:05.088524
Headphone C,Electronics,Retail Sale,3000,2500,2,2026-03-02T00:00:00,696debb38e4cf87559b30126,2026-01-19T10:46:05.088535,2026-01-19T10:46:05.088538
Headphone C,Electronics,Retail Sale,3000,2500,3,2026-02-06T00:00:00,696debb38e4cf87559b30126,2026-01-19T10:46:05.088548,2026-01-19T10:46:05.088551
Laptop B,Electronics,Retail Sale,60000,52000,8,2026-01-26T00:00:00,696debb38e4cf87559b30126,2026-01-19T10:46:05.088561,2026-01-19T10:46:05.088563
Smartwatch E,Electronics,Retail Sale,12000,9000,1,2026-02-10T00:00:00,696debb38e4cf87559b30126,2026-01-19T10:46:05.088573,2026-01-19T10:46:05.088576
Smartphone A,Electronics,Retail Sale,25000,21000,5,2026-01-21T00:00:00,696debb38e4cf87559b30126,2026-01-19T10:46:05.088586,2026-01-19T10:46:05.088588
Laptop B,Electronics,Retail Sale,60000,52000,5,2026-01-08T00:00:00,696debb38e4cf87559b30126,2026-01-19T10:46:05.088599,2026-01-19T10:46:05.088601
Smartwatch E,Electronics,Retail Sale,12000,9000,9,2026-02-20T00:00:00,696debb38e4cf87559b30126,2026-01-19T10:46:05.088611,2026-01-19T10:46:05.088614
Laptop B,Electronics,Retail Sale,60000,52000,10,2026-01-10T00:00:00,696debb38e4cf87559b30126,2026-01-19T10:46:05.088624,2026-01-19T10:46:05.088627
Laptop B,Electronics,Retail Sale,60000,52000,8,2026-02-07T00:00:00,696debb38e4cf87559b30126,2026-01-19T10:46:05.088637,2026-01-19T10:46:05.088640
Headphone C,Electronics,Retail Sale,3000,2500,3,2026-01-23T00:00:00,696debb38e4cf87559b30126,2026-01-19T10:46:05.088650,2026-01-19T10:46:05.088652
Headphone C,Electronics,Retail Sale,3000,2500,7,2026-01-27T00:00:00,696debb38e4cf87559b30126,2026-01-19T10:46:05.088663,2026-01-19T10:46:05.088665
Headphone C,Electronics,Retail Sale,3000,2500,9,2026-02-11T00:00:00,696debb38e4cf87559b30126,2026-01-19T10:46:05.088675,2026-01-19T10:46:05.088677
Smartphone A,Electronics,Retail Sale,25000,21000,3,2026-02-17T00:00:00,696debb38e4cf87559b30126,2026-01-19T10:46:05.088687,2026-01-19T10:46:05.088690
Headphone C,Electronics,Retail Sale,3000,2500,3,2026-01-01T00:00:00,696debb38e4cf87559b30126,2026-01-19T10:46:05.088701,2026-01-19T10:46:05.088703
Smartwatch E,Electronics,Retail Sale,12000,9000,10,2026-02-01T00:00:00,696debb38e4cf87559b30126,2026-01-19T10:46:05.088713,2026-01-19T10:46:05.088716
Smartwatch E,Electronics,Retail Sale,12000,9000,6,2026-01-18T00:00:00,696debb38e4cf87559b30126,2026-01-19T10:46:05.088726,2026-01-19T10:46:05.088728
Smartphone A,Electronics,Retail Sale,25000,21000,3,2026-02-24T00:00:00,696debb38e4cf87559b30126,2026-01-19T10:46:05.088739,2026-01-19T10:46:05.088741
Headphone C,Electronics,Retail Sale,3000,2500,5,2026-01-23T00:00:00,696debb38e4cf87559b30126,2026-01-19T10:46:05.088752,2026-01-19T10:46:05.088754
Smartphone A,Electronics,Retail Sale,25000,21000,8,2026-01-15T00:00:00,696debb38e4cf87559b30126,2026-01-19T10:46:05.088764,2026-01-19T10:46:05.088767
Smartphone A,Electronics,Retail Sale,25000,21000,5,2026-02-05T00:00:00,696debb38e4cf87559b30126,2026-01-19T10:46:05.088777,2026-01-19T10:46:05.088780
Smartphone A,Electronics,Retail Sale,25000,21000,1,2026-02-21T00:00:00,696debb38e4cf87559b30126,2026-01-19T10:46:05.088790,2026-01-19T10:46:05.088793
Smartwatch E,Electronics,Retail Sale,12000,9000,5,2026-02-02T00:00:00,696debb38e4cf87559b30126,2026-01-19T10:46:05.088804,2026-01-19T10:46:05.088806
Laptop B,Electronics,Retail Sale,60000,52000,7,2026-01-23T00:00:00,696debb38e4cf87559b30126,2026-01-19T10:46:05.088816,2026-01-19T10:46:05.088819
Smartphone A,Electronics,Retail Sale,25000,21000,6,2026-02-19T00:00:00,696debb38e4cf87559b30126,2026-01-19T10:46:05.088829,2026-01-19T10:46:05.088831
Smartphone A,Electronics,Retail Sale,25000,21000,8,2026-02-28T00:00:00,696debb38e4cf87559b30126,2026-01-19T10:46:05.088851,2026-01-19T10:46:05.088853
Smartphone A,Electronics,Retail Sale,25000,21000,6,2026-02-17T00:00:00,696debb38e4cf87559b30126,2026-01-19T10:46:05.088863,2026-01-19T10:46:05.088866
Headphone C,Electronics,Retail Sale,3000,2500,2,2026-01-04T00:00:00,696debb38e4cf87559b30126,2026-01-19T10:46:05.088877,2026-01-19T10:46:05.088880
TV D,Electronics,Retail Sale,45000,40000,2,2026-01-24T00:00:00,696debb38e4cf87559b30126,2026-01-19T10:46:05.088890,2026-01-19T10:46:05.088892
Laptop B,Electronics,Retail Sale,60000,52000,1,2026-02-14T00:00:00,696debb38e4cf87559b30126,2026-01-19T10:46:05.088902,2026-01-19T10:46:05.088911
TV D,Electronics,Retail Sale,45000,40000,1,2026-02-23T00:00:00,696debb38e4cf87559b30126,2026-01-19T10:46:05.088923,2026-01-19T10:46:05.088926
Smartwatch E,Electronics,Retail Sale,12000,9000,2,2026-02-07T00:00:00,696debb38e4cf87559b30126,2026-01-19T10:46:05.088936,2026-01-19T10:46:05.088938
TV D,Electronics,Retail Sale,45000,40000,5,2026-01-29T00:00:00,696debb38e4cf87559b30126,2026-01-19T10:46:05.088949,2026-01-19T10:46:05.088951
TV D,Electronics,Retail Sale,45000,40000,1,2026-02-18T00:00:00,696debb38e4cf87559b30126,2026-01-19T10:46:05.088962,2026-01-19T10:46:05.088964
Smartwatch E,Electronics,Retail Sale,12000,9000,10,2026-01-05T00:00:00,696debb38e4cf87559b30126,2026-01-19T10:46:05.088975,2026-01-19T10:46:05.088977
Laptop B,Electronics,Retail Sale,60000,52000,7,2026-01-09T00:00:00,696debb38e4cf87559b30126,2026-01-19T10:46:05.088987,2026-01-19T10:46:05.088990
Smartwatch E,Electronics,Retail Sale,12000,9000,6,2026-02-24T00:00:00,696debb38e4cf87559b30126,2026-01-19T10:46:05.089000,2026-01-19T10:46:05.089003
Laptop B,Electronics,Retail Sale,60000,52000,4,2026-02-05T00:00:00,696debb38e4cf87559b30126,2026-01-19T10:46:05.089013,2026-01-19T10:46:05.089015
Laptop B,Electronics,Retail Sale,60000,52000,8,2026-01-21T00:00:00,696debb38e4cf87559b30126,2026-01-19T10:46:05.089026,2026-01-19T10:46:05.089028
Smartwatch E,Electronics,Retail Sale,12000,9000,3,2026-01-19T00:00:00,696debb38e4cf87559b30126,2026-01-19T10:46:05.089042,2026-01-19T10:46:05.089044
TV D,Electronics,Retail Sale,45000,40000,8,2026-02-25T00:00:00,696debb38e4cf87559b30126,2026-01-19T10:46:05.089056,2026-01-19T10:46:05.089058
Smartphone A,Electronics,Retail Sale,25000,21000,4,2026-02-14T00:00:00,696debb38e4cf87559b30126,2026-01-19T10:46:05.089069,2026-01-19T10:46:05.089071
Smartwatch E,Electronics,Retail Sale,12000,9000,9,2026-02-14T00:00:00,696debb38e4cf87559b30126,2026-01-19T10:46:05.089082,2026-01-19T10:46:05.089084
TV D,Electronics,Retail Sale,45000,40000,4,2026-01-02T00:00:00,696debb38e4cf87559b30126,2026-01-19T10:46:05.089094,2026-01-19T10:46:05.089097
TV D,Electronics,Retail Sale,45000,40000,7,2026-01-27T00:00:00,696debb38e4cf87559b30126,2026-01-19T10:46:05.089106,2026-01-19T10:46:05.089109
Laptop B,Electronics,Retail Sale,60000,52000,3,2026-01-06T00:00:00,696debb38e4cf87559b30126,2026-01-19T10:46:05.089119,2026-01-19T10:46:05.089121
Laptop B,Electronics,Retail Sale,60000,52000,10,2026-01-18T00:00:00,696debb38e4cf87559b30126,2026-01-19T10:46:05.089132,2026-01-19T10:46:05.089134
Headphone C,Electronics,Retail Sale,3000,2500,7,2026-03-01T00:00:00,696debb38e4cf87559b30126,2026-01-19T10:46:05.089145,2026-01-19T10:46:05.089147
Laptop B,Electronics,Retail Sale,60000,52000,3,2026-01-23T00:00:00,696debb38e4cf87559b30126,2026-01-19T10:46:05.089157,2026-01-19T10:46:05.089160
TV D,Electronics,Retail Sale,45000,40000,10,2026-01-27T00:00:00,696debb38e4cf87559b30126,2026-01-19T10:46:05.089170,2026-01-19T10:46:05.089173
Headphone C,Electronics,Retail Sale,3000,2500,6,2026-01-25T00:00:00,696debb38e4cf87559b30126,2026-01-19T10:46:05.089183,2026-01-19T10:46:05.089186
Headphone C,Electronics,Retail Sale,3000,2500,8,2026-02-03T00:00:00,696debb38e4cf87559b30126,2026-01-19T10:46:05.089196,2026-01-19T10:46:05.089199
Smartwatch E,Electronics,Retail Sale,12000,9000,3,2026-02-05T00:00:00,696debb38e4cf87559b30126,2026-01-19T10:46:05.089210,2026-01-19T10:46:05.089213
TV D,Electronics,Retail Sale,45000,40000,10,2026-02-16T00:00:00,696debb38e4cf87559b30126,2026-01-19T10:46:05.089223,2026-01-19T10:46:05.089226
Smartwatch E,Electronics,Retail Sale,12000,9000,10,2026-02-11T00:00:00,696debb38e4cf87559b30126,2026-01-19T10:46:05.089236,2026-01-19T10:46:05.089238
Headphone C,Electronics,Retail Sale,3000,2500,8,2026-01-09T00:00:00,696debb38e4cf87559b30126,2026-01-19T10:46:05.089248,2026-01-19T10:46:05.089251
Smartphone A,Electronics,Retail Sale,25000,21000,6,2026-01-12T00:00:00,696debb38e4cf87559b30126,2026-01-19T10:46:05.089265,2026-01-19T10:46:05.089268
Laptop B,Electronics,Retail Sale,60000,52000,7,2026-02-18T00:00:00,696debb38e4cf87559b30126,2026-01-19T10:46:05.089278,2026-01-19T10:46:05.089281
Smartwatch E,Electronics,Retail Sale,12000,9000,8,2026-01-20T00:00:00,696debb38e4cf87559b30126,2026-01-19T10:46:05.089291,2026-01-19T10:46:05.089293
Headphone C,Electronics,Retail Sale,3000,2500,3,2026-01-30T00:00:00,696debb38e4cf87559b30126,2026-01-19T10:46:05.089303,2026-01-19T10:46:05.089306
Headphone C,Electronics,Retail Sale,3000,2500,5,2026-02-24T00:00:00,696debb38e4cf87559b30126,2026-01-19T10:46:05.089316,2026-01-19T10:46:05.089319
Smartphone A,Electronics,Retail Sale,25000,21000,2,2026-01-30T00:00:00,696debb38e4cf87559b30126,2026-01-19T10:46:05.089329,2026-01-19T10:46:05.089332
TV D,Electronics,Retail Sale,45000,40000,5,2026-01-06T00:00:00,696debb38e4cf87559b30126,2026-01-19T10:46:05.089342,2026-01-19T10:46:05.089345
TV D,Electronics,Retail Sale,45000,40000,5,2026-01-25T00:00:00,696debb38e4cf87559b30126,2026-01-19T10:46:05.089355,2026-01-19T10:46:05.089357
TV D,Electronics,Retail Sale,45000,40000,4,2026-01-15T00:00:00,696debb38e4cf87559b30126,2026-01-19T10:46:05.089367,2026-01-19T10:46:05.089370
Smartwatch E,Electronics,Retail Sale,12000,9000,5,2026-01-13T00:00:00,696debb38e4cf87559b30126,2026-01-19T10:46:05.089381,2026-01-19T10:46:05.089383
Headphone C,Electronics,Retail Sale,3000,2500,7,2026-02-08T00:00:00,696debb38e4cf87559b30126,2026-01-19T10:46:05.089393,2026-01-19T10:46:05.089396
Smartwatch E,Electronics,Retail Sale,12000,9000,10,2026-02-01T00:00:00,696debb38e4cf87559b30126,2026-01-19T10:46:05.089411,2026-01-19T10:46:05.089414
Smartphone A,Electronics,Retail Sale,25000,21000,10,2026-01-31T00:00:00,696debb38e4cf87559b30126,2026-01-19T10:46:05.089424,2026-01-19T10:46:05.089427
Smartwatch E,Electronics,Retail Sale,12000,9000,10,2026-02-17T00:00:00,696debb38e4cf87559b30126,2026-01-19T10:46:05.089437,2026-01-19T10:46:05.089439
TV D,Electronics,Retail Sale,45000,40000,1,2026-01-30T00:00:00,696debb38e4cf87559b30126,2026-01-19T10:46:05.089449,2026-01-19T10:46:05.089452
Smartphone A,Electronics,Retail Sale,25000,21000,2,2026-02-02T00:00:00,696debb38e4cf87559b30126,2026-01-19T10:46:05.089462,2026-01-19T10:46:05.089465
Smartwatch E,Electronics,Retail Sale,12000,9000,7,2026-02-14T00:00:00,696debb38e4cf87559b30126,2026-01-19T10:46:05.089475,2026-01-19T10:46:05.089478
Smartwatch E,Electronics,Retail Sale,12000,9000,3,2026-02-16T00:00:00,696debb38e4cf87559b30126,2026-01-19T10:46:05.089488,2026-01-19T10:46:05.089491
Smartphone A,Electronics,Retail Sale,25000,21000,10,2026-01-13T00:00:00,696debb38e4cf87559b30126,2026-01-19T10:46:05.089501,2026-01-19T10:46:05.089503
Smartwatch E,Electronics,Retail Sale,12000,9000,1,2026-02-03T00:00:00,696debb38e4cf87559b30126,2026-01-19T10:46:05.089513,2026-01-19T10:46:05.089516
TV D,Electronics,Retail Sale,45000,40000,9,2026-01-09T00:00:00,696debb38e4cf87559b30126,2026-01-19T10:46:05.089526,2026-01-19T10:46:05.089529
TV D,Electronics,Retail Sale,45000,40000,1,2026-01-14T00:00:00,696debb38e4cf87559b30126,2026-01-19T10:46:05.089539,2026-01-19T10:46:05.089542
TV D,Electronics,Retail Sale,45000,40000,3,2026-02-05T00:00:00,696debb38e4cf87559b30126,2026-01-19T10:46:05.089552,2026-01-19T10:46:05.089555
Smartwatch E,Electronics,Retail Sale,12000,9000,4,2026-01-27T00:00:00,696debb38e4cf87559b30126,2026-01-19T10:46:05.089566,2026-01-19T10:46:05.089568
Smartphone A,Electronics,Retail Sale,25000,21000,1,2026-01-28T00:00:00,696debb38e4cf87559b30126,2026-01-19T10:46:05.089578,2026-01-19T10:46:05.089581
TV D,Electronics,Retail Sale,45000,40000,1,2026-01-04T00:00:00,696debb38e4cf87559b30126,2026-01-19T10:46:05.089600,2026-01-19T10:46:05.089603
Smartwatch E,Electronics,Retail Sale,12000,9000,3,2026-01-25T00:00:00,696debb38e4cf87559b30126,2026-01-19T10:46:05.089614,2026-01-19T10:46:05.089616
Headphone C,Electronics,Retail Sale,3000,2500,2,2026-02-02T00:00:00,696debb38e4cf87559b30126,2026-01-19T10:46:05.089627,2026-01-19T10:46:05.089630
Laptop B,Electronics,Retail Sale,60000,52000,6,2026-02-12T00:00:00,696debb38e4cf87559b30126,2026-01-19T10:46:05.089640,2026-01-19T10:46:05.089643
TV D,Electronics,Retail Sale,45000,40000,7,2026-02-21T00:00:00,696debb38e4cf87559b30126,2026-01-19T10:46:05.089653,2026-01-19T10:46:05.089656
TV D,Electronics,Retail Sale,45000,40000,5,2026-01-30T00:00:00,696debb38e4cf87559b30126,2026-01-19T10:46:05.089666,2026-01-19T10:46:05.089669
Smartphone A,Electronics,Retail Sale,25000,21000,3,2026-02-24T00:00:00,696debb38e4cf87559b30126,2026-01-19T10:46:05.089679,2026-01-19T10:46:05.089682
Smartphone A,Electronics,Retail Sale,25000,21000,5,2026-02-15T00:00:00,696debb38e4cf87559b30126,2026-01-19T10:46:05.089692,2026-01-19T10:46:05.089695
Smartphone A,Electronics,Retail Sale,25000,21000,8,2026-02-11T00:00:00,696debb38e4cf87559b30126,2026-01-19T10:46:05.089705,2026-01-19T10:46:05.089707
Headphone C,Electronics,Retail Sale,3000,2500,1,2026-01-25T00:00:00,696debb38e4cf87559b30126,2026-01-19T10:46:05.089718,2026-01-19T10:46:05.089721
TV D,Electronics,Retail Sale,45000,40000,5,2026-01-09T00:00:00,696debb38e4cf87559b30126,2026-01-19T10:46:05.089731,2026-01-19T10:46:05.089734
Smartwatch E,Electronics,Retail Sale,12000,9000,5,2026-02-26T00:00:00,696debb38e4cf87559b30126,2026-01-19T10:46:05.089744,2026-01-19T10:46:05.089746
Smartwatch E,Electronics,Retail Sale,12000,9000,10,2026-01-14T00:00:00,696debb38e4cf87559b30126,2026-01-19T10:46:05.089757,2026-01-19T10:46:05.089760
Smartphone A,Electronics,Retail Sale,25000,21000,2,2026-01-27T00:00:00,696debb38e4cf87559b30126,2026-01-19T10:46:05.089770,2026-01-19T10:46:05.089773
Smartphone A,Electronics,Retail Sale,25000,21000,3,2026-02-18T00:00:00,696debb38e4cf87559b30126,2026-01-19T10:46:05.089784,2026-01-19T10:46:05.089786
TV D,Electronics,Retail Sale,45000,40000,1,2026-01-20T00:00:00,696debb38e4cf87559b30126,2026-01-19T10:46:05.089797,2026-01-19T10:46:05.089799
Laptop B,Electronics,Retail Sale,60000,52000,7,2026-02-19T00:00:00,696debb38e4cf87559b30126,2026-01-19T10:46:05.089810,2026-01-19T10:46:05.089812
Headphone C,Electronics,Retail Sale,3000,2500,10,2026-02-04T00:00:00,696debb38e4cf87559b30126,2026-01-19T10:46:05.089823,2026-01-19T10:46:05.089825
Headphone C,Electronics,Retail Sale,3000,2500,7,2026-01-30T00:00:00,696debb38e4cf87559b30126,2026-01-19T10:46:05.089835,2026-01-19T10:46:05.089838
TV D,Electronics,Retail Sale,45000,40000,2,2026-01-24T00:00:00,696debb38e4cf87559b30126,2026-01-19T10:46:05.089848,2026-01-19T10:46:05.089851
Smartwatch E,Electronics,Retail Sale,12000,9000,2,2026-02-10T00:00:00,696debb38e4cf87559b30126,2026-01-19T10:46:05.089861,2026-01-19T10:46:05.089863
Smartphone A,Electronics,Retail Sale,25000,21000,10,2026-01-16T00:00:00,696debb38e4cf87559b30126,2026-01-19T10:46:05.089873,2026-01-19T10:46:05.089876
Laptop B,Electronics,Retail Sale,60000,52000,2,2026-02-21T00:00:00,696debb38e4cf87559b30126,2026-01-19T10:46:05.089886,2026-01-19T10:46:05.089889
Smartphone A,Electronics,Retail Sale,25000,21000,5,2026-01-12T00:00:00,696debb38e4cf87559b30126,2026-01-19T10:46:05.089900,2026-01-19T10:46:05.089903
Smartwatch E,Electronics,Retail Sale,12000,9000,2,2026-02-19T00:00:00,696debb38e4cf87559b30126,2026-01-19T10:46:05.089921,2026-01-19T10:46:05.089923
Smartphone A,Electronics,Retail Sale,25000,21000,4,2026-01-09T00:00:00,696debb38e4cf87559b30126,2026-01-19T10:46:05.089934,2026-01-19T10:46:05.089936
TV D,Electronics,Retail Sale,45000,40000,5,2026-02-11T00:00:00,696debb38e4cf87559b30126,2026-01-19T10:46:05.089947,2026-01-19T10:46:05.089949
Smartwatch E,Electronics,Retail Sale,12000,9000,9,2026-02-24T00:00:00,696debb38e4cf87559b30126,2026-01-19T10:46:05.089960,2026-01-19T10:46:05.089963
Headphone C,Electronics,Retail Sale,3000,2500,2,2026-02-11T00:00:00,696debb38e4cf87559b30126,2026-01-19T10:46:05.089973,2026-01-19T10:46:05.089976
Smartphone A,Electronics,Retail Sale,25000,21000,3,2026-01-03T00:00:00,696debb38e4cf87559b30126,2026-01-19T10:46:05.089986,2026-01-19T10:46:05.089988
Laptop B,Electronics,Retail Sale,60000,52000,8,2026-01-26T00:00:00,696debb38e4cf87559b30126,2026-01-19T10:46:05.089999,2026-01-19T10:46:05.090002
Smartphone A,Electronics,Retail Sale,25000,21000,9,2026-01-28T00:00:00,696debb38e4cf87559b30126,2026-01-19T10:46:05.090012,2026-01-19T10:46:05.090015
Smartphone A,Electronics,Retail Sale,25000,21000,5,2026-02-15T00:00:00,696debb38e4cf87559b30126,2026-01-19T10:46:05.090025,2026-01-19T10:46:05.090028
TV D,Electronics,Retail Sale,45000,40000,8,2026-02-20T00:00:00,696debb38e4cf87559b30126,2026-01-19T10:46:05.090038,2026-01-19T10:46:05.090041
Headphone C,Electronics,Retail Sale,3000,2500,5,2026-02-06T00:00:00,696debb38e4cf87559b30126,2026-01-19T10:46:05.090051,2026-01-19T10:46:05.090054
TV D,Electronics,Retail Sale,45000,40000,6,2026-01-24T00:00:00,696debb38e4cf87559b30126,2026-01-19T10:46:05.090065,2026-01-19T10:46:05.090067
Laptop B,Electronics,Retail Sale,60000,52000,5,2026-01-29T00:00:00,696debb38e4cf87559b30126,2026-01-19T10:46:05.090078,2026-01-19T10:46:05.090080
Smartphone A,Electronics,Retail Sale,25000,21000,6,2026-01-08T00:00:00,696debb38e4cf87559b30126,2026-01-19T10:46:05.090089,2026-01-19T10:46:05.090092
Headphone C,Electronics,Retail Sale,3000,2500,8,2026-02-13T00:00:00,696debb38e4cf87559b30126,2026-01-19T10:46:05.090101,2026-01-19T10:46:05.090104
TV D,Electronics,Retail Sale,45000,40000,7,2026-02-24T00:00:00,696debb38e4cf87559b30126,2026-01-19T10:46:05.090114,2026-01-19T10:46:05.090116
TV D,Electronics,Retail Sale,45000,40000,6,2026-02-01T00:00:00,696debb38e4cf87559b30126,2026-01-19T10:46:05.090126,2026-01-19T10:46:05.090128
TV D,Electronics,Retail Sale,45000,40000,2,2026-02-28T00:00:00,696debb38e4cf87559b30126,2026-01-19T10:46:05.090138,2026-01-19T10:46:05.090141
Smartphone A,Electronics,Retail Sale,25000,21000,5,2026-02-19T00:00:00,696debb38e4cf87559b30126,2026-01-19T10:46:05.090150,2026-01-19T10:46:05.090153
Headphone C,Electronics,Retail Sale,3000,2500,9,2026-01-18T00:00:00,696debb38e4cf87559b30126,2026-01-19T10:46:05.090162,2026-01-19T10:46:05.090165
Smartphone A,Electronics,Retail Sale,25000,21000,7,2026-01-28T00:00:00,696debb38e4cf87559b30126,2026-01-19T10:46:05.090175,2026-01-19T10:46:05.090177
Smartwatch E,Electronics,Retail Sale,12000,9000,2,2026-01-25T00:00:00,696debb38e4cf87559b30126,2026-01-19T10:46:05.090187,2026-01-19T10:46:05.090189
Laptop B,Electronics,Retail Sale,60000,52000,8,2026-01-31T00:00:00,696debb38e4cf87559b30126,2026-01-19T10:46:05.090199,2026-01-19T10:46:05.090201
Smartwatch E,Electronics,Retail Sale,12000,9000,8,2026-01-30T00:00:00,696debb38e4cf87559b30126,2026-01-19T10:46:05.090211,2026-01-19T10:46:05.090214
Laptop B,Electronics,Retail Sale,60000,52000,10,2026-02-23T00:00:00,696debb38e4cf87559b30126,2026-01-19T10:46:05.090224,2026-01-19T10:46:05.090226
Smartphone A,Electronics,Retail Sale,25000,21000,7,2026-03-02T00:00:00,696debb38e4cf87559b30126,2026-01-19T10:46:05.090236,2026-01-19T10:46:05.090239
Smartwatch E,Electronics,Retail Sale,12000,9000,8,2026-02-16T00:00:00,696debb38e4cf87559b30126,2026-01-19T10:46:05.090248,2026-01-19T10:46:05.090251
Laptop B,Electronics,Retail Sale,60000,52000,7,2026-01-14T00:00:00,696debb38e4cf87559b30126,2026-01-19T10:46:05.090260,2026-01-19T10:46:05.090263
Headphone C,Electronics,Retail Sale,3000,2500,3,2026-01-10T00:00:00,696debb38e4cf87559b30126,2026-01-19T10:46:05.090273,2026-01-19T10:46:05.090276
Smartphone A,Electronics,Retail Sale,25000,21000,3,2026-02-20T00:00:00,696debb38e4cf87559b30126,2026-01-19T10:46:05.090286,2026-01-19T10:46:05.090289
TV D,Electronics,Retail Sale,45000,40000,4,2026-02-20T00:00:00,696debb38e4cf87559b30126,2026-01-19T10:46:05.090298,2026-01-19T10:46:05.090301
Smartphone A,Electronics,Retail Sale,25000,21000,1,2026-02-06T00:00:00,696debb38e4cf87559b30126,2026-01-19T10:46:05.090310,2026-01-19T10:46:05.090313
Smartwatch E,Electronics,Retail Sale,12000,9000,2,2026-02-11T00:00:00,696debb38e4cf87559b30126,2026-01-19T10:46:05.090331,2026-01-19T10:46:05.090334
TV D,Electronics,Retail Sale,45000,40000,3,2026-02-19T00:00:00,696debb38e4cf87559b30126,2026-01-19T10:46:05.090344,2026-01-19T10:46:05.090346
Headphone C,Electronics,Retail Sale,3000,2500,7,2026-03-01T00:00:00,696debb38e4cf87559b30126,2026-01-19T10:46:05.090356,2026-01-19T10:46:05.090359
TV D,Electronics,Retail Sale,45000,40000,9,2026-02-02T00:00:00,696debb38e4cf87559b30126,2026-01-19T10:46:05.090369,2026-01-19T10:46:05.090371
Laptop B,Electronics,Retail Sale,60000,52000,8,2026-01-22T00:00:00,696debb38e4cf87559b30126,2026-01-19T10:46:05.090381,2026-01-19T10:46:05.090383
Laptop B,Electronics,Retail Sale,60000,52000,3,2026-01-21T00:00:00,696debb38e4cf87559b30126,2026-01-19T10:46:05.090393,2026-01-19T10:46:05.090396
Smartwatch E,Electronics,Retail Sale,12000,9000,9,2026-01-12T00:00:00,696debb38e4cf87559b30126,2026-01-19T10:46:05.090405,2026-01-19T10:46:05.090408
Laptop B,Electronics,Retail Sale,60000,52000,10,2026-02-09T00:00:00,696debb38e4cf87559b30126,2026-01-19T10:46:05.090417,2026-01-19T10:46:05.090420
Headphone C,Electronics,Retail Sale,3000,2500,5,2026-02-22T00:00:00,696debb38e4cf87559b30126,2026-01-19T10:46:05.090430,2026-01-19T10:46:05.090433
Smartwatch E,Electronics,Retail Sale,12000,9000,6,2026-01-12T00:00:00,696debb38e4cf87559b30126,2026-01-19T10:46:05.090443,2026-01-19T10:46:05.090446
Smartphone A,Electronics,Retail Sale,25000,21000,2,2026-01-27T00:00:00,696debb38e4cf87559b30126,2026-01-19T10:46:05.090455,2026-01-19T10:46:05.090458
TV D,Electronics,Retail Sale,45000,40000,4,2026-02-05T00:00:00,696debb38e4cf87559b30126,2026-01-19T10:46:05.090468,2026-01-19T10:46:05.090470
Smartwatch E,Electronics,Retail Sale,12000,9000,9,2026-01-18T00:00:00,696debb38e4cf87559b30126,2026-01-19T10:46:05.090481,2026-01-19T10:46:05.090483
Smartwatch E,Electronics,Retail Sale,12000,9000,5,2026-01-12T00:00:00,696debb38e4cf87559b30126,2026-01-19T10:46:05.090493,2026-01-19T10:46:05.090495
Laptop B,Electronics,Retail Sale,60000,52000,6,2026-02-19T00:00:00,696debb38e4cf87559b30126,2026-01-19T10:46:05.090505,2026-01-19T10:46:05.090508
Smartwatch E,Electronics,Retail Sale,12000,9000,3,2026-02-17T00:00:00,696debb38e4cf87559b30126,2026-01-19T10:46:05.090518,2026-01-19T10:46:05.090520
TV D,Electronics,Retail Sale,45000,40000,7,2026-02-04T00:00:00,696debb38e4cf87559b30126,2026-01-19T10:46:05.090530,2026-01-19T10:46:05.090533
TV D,Electronics,Retail Sale,45000,40000,6,2026-02-28T00:00:00,696debb38e4cf87559b30126,2026-01-19T10:46:05.090543,2026-01-19T10:46:05.090545
TV D,Electronics,Retail Sale,45000,40000,7,2026-01-01T00:00:00,696debb38e4cf87559b30126,2026-01-19T10:46:05.090555,2026-01-19T10:46:05.090557
TV D,Electronics,Retail Sale,45000,40000,10,2026-01-23T00:00:00,696debb38e4cf87559b30126,2026-01-19T10:46:05.090567,2026-01-19T10:46:05.090570
Smartwatch E,Electronics,Retail Sale,12000,9000,6,2026-02-20T00:00:00,696debb38e4cf87559b30126,2026-01-19T10:46:05.090580,2026-01-19T10:46:05.090582
Smartphone A,Electronics,Retail Sale,25000,21000,7,2026-02-22T00:00:00,696debb38e4cf87559b30126,2026-01-19T10:46:05.090592,2026-01-19T10:46:05.090594
Headphone C,Electronics,Retail Sale,3000,2500,8,2026-01-04T00:00:00,696debb38e4cf87559b30126,2026-01-19T10:46:05.090604,2026-01-19T10:46:05.090606
TV D,Electronics,Retail Sale,45000,40000,3,2026-02-26T00:00:00,696debb38e4cf87559b30126,2026-01-19T10:46:05.090616,2026-01-19T10:46:05.090618
Headphone C,Electronics,Retail Sale,3000,2500,8,2026-02-26T00:00:00,696debb38e4cf87559b30126,2026-01-19T10:46:05.090628,2026-01-19T10:46:05.090630
Laptop B,Electronics,Retail Sale,60000,52000,1,2026-02-25T00:00:00,696debb38e4cf87559b30126,2026-01-19T10:46:05.090640,2026-01-19T10:46:05.090642
Smartphone A,Electronics,Retail Sale,25000,21000,5,2026-02-13T00:00:00,696debb38e4cf87559b30126,2026-01-19T10:46:05.090652,2026-01-19T10:46:05.090655
Smartphone A,Electronics,Retail Sale,25000,21000,3,2026-01-20T00:00:00,696debb38e4cf87559b30126,2026-01-19T10:46:05.090664,2026-01-19T10:46:05.090667
Headphone C,Electronics,Retail Sale,3000,2500,6,2026-02-23T00:00:00,696debb38e4cf87559b30126,2026-01-19T10:46:05.090677,2026-01-19T10:46:05.090679
Laptop B,Electronics,Retail Sale,60000,52000,6,2026-02-25T00:00:00,696debb38e4cf87559b30126,2026-01-19T10:46:05.090689,2026-01-19T10:46:05.090691
TV D,Electronics,Retail Sale,45000,40000,5,2026-01-28T00:00:00,696debb38e4cf87559b30126,2026-01-19T10:46:05.090701,2026-01-19T10:46:05.090704
Smartphone A,Electronics,Retail Sale,25000,21000,4,2026-01-17T00:00:00,696debb38e4cf87559b30126,2026-01-19T10:46:05.090713,2026-01-19T10:46:05.090715
Headphone C,Electronics,Retail Sale,3000,2500,6,2026-01-09T00:00:00,696debb38e4cf87559b30126,2026-01-19T10:46:05.090725,2026-01-19T10:46:05.090728
Smartwatch E,Electronics,Retail Sale,12000,9000,3,2026-02-20T00:00:00,696debb38e4cf87559b30126,2026-01-19T10:46:05.090737,2026-01-19T10:46:05.090740
Smartphone A,Electronics,Retail Sale,25000,21000,3,2026-01-02T00:00:00,696debb38e4cf87559b30126,2026-01-19T10:46:05.090750,2026-01-19T10:46:05.090752
Smartwatch E,Electronics,Retail Sale,12000,9000,6,2026-02-16T00:00:00,696debb38e4cf87559b30126,2026-01-19T10:46:05.090762,2026-01-19T10:46:05.090764
TV D,Electronics,Retail Sale,45000,40000,2,2026-01-13T00:00:00,696debb38e4cf87559b30126,2026-01-19T10:46:05.090774,2026-01-19T10:46:05.090776
Headphone C,Electronics,Retail Sale,3000,2500,3,2026-01-25T00:00:00,696debb38e4cf87559b30126,2026-01-19T10:46:05.090786,2026-01-19T10:46:05.090788
Smartphone A,Electronics,Retail Sale,25000,21000,9,2026-02-14T00:00:00,696debb38e4cf87559b30126,2026-01-19T10:46:05.090798,2026-01-19T10:46:05.090800
Headphone C,Electronics,Retail Sale,3000,2500,7,2026-02-10T00:00:00,696debb38e4cf87559b30126,2026-01-19T10:46:05.090810,2026-01-19T10:46:05.090813
TV D,Electronics,Retail Sale,45000,40000,9,2026-01-07T00:00:00,696debb38e4cf87559b30126,2026-01-19T10:46:05.090823,2026-01-19T10:46:05.090826
TV D,Electronics,Retail Sale,45000,40000,6,2026-01-31T00:00:00,696debb38e4cf87559b30126,2026-01-19T10:46:05.090836,2026-01-19T10:46:05.090839
TV D,Electronics,Retail Sale,45000,40000,9,2026-01-26T00:00:00,696debb38e4cf87559b30126,2026-01-19T10:46:05.090849,2026-01-19T10:46:05.090852
TV D,Electronics,Retail Sale,45000,40000,6,2026-01-26T00:00:00,696debb38e4cf87559b30126,2026-01-19T10:46:05.090861,2026-01-19T10:46:05.090864
TV D,Electronics,Retail Sale,45000,40000,5,2026-01-17T00:00:00,696debb38e4cf87559b30126,2026-01-19T10:46:05.090874,2026-01-19T10:46:05.090877
TV D,Electronics,Retail Sale,45000,40000,1,2026-03-01T00:00:00,696debb38e4cf87559b30126,2026-01-19T10:46:05.090887,2026-01-19T10:46:05.090889
Laptop B,Electronics,Retail Sale,60000,52000,2,2026-02-24T00:00:00,696debb38e4cf87559b30126,2026-01-19T10:46:05.090899,2026-01-19T10:46:05.090902
Smartphone A,Electronics,Retail Sale,25000,21000,9,2026-01-21T00:00:00,696debb38e4cf87559b30126,2026-01-19T10:46:05.090925,2026-01-19T10:46:05.090927
TV D,Electronics,Retail Sale,45000,40000,8,2026-01-03T00:00:00,696debb38e4cf87559b30126,2026-01-19T10:46:05.090938,2026-01-19T10:46:05.090941
TV D,Electronics,Retail Sale,45000,40000,1,2026-01-02T00:00:00,696debb38e4cf87559b30126,2026-01-19T10:46:05.090952,2026-01-19T10:46:05.090955
Headphone C,Electronics,Retail Sale,3000,2500,9,2026-02-12T00:00:00,696debb38e4cf87559b30126,2026-01-19T10:46:05.090966,2026-01-19T10:46:05.090968
Smartphone A,Electronics,Retail Sale,25000,21000,8,2026-02-25T00:00:00,696debb38e4cf87559b30126,2026-01-19T10:46:05.090979,2026-01-19T10:46:05.090982
Smartphone A,Electronics,Retail Sale,25000,21000,2,2026-02-20T00:00:00,696debb38e4cf87559b30126,2026-01-19T10:46:05.090992,2026-01-19T10:46:05.090995
Headphone C,Electronics,Retail Sale,3000,2500,7,2026-01-21T00:00:00,696debb38e4cf87559b30126,2026-01-19T10:46:05.091006,2026-01-19T10:46:05.091009
Smartwatch E,Electronics,Retail Sale,12000,9000,3,2026-01-09T00:00:00,696debb38e4cf87559b30126,2026-01-19T10:46:05.091019,2026-01-19T10:46:05.091022
TV D,Electronics,Retail Sale,45000,40000,7,2026-01-06T00:00:00,696debb38e4cf87559b30126,2026-01-19T10:46:05.091032,2026-01-19T10:46:05.091035
TV D,Electronics,Retail Sale,45000,40000,3,2026-01-19T00:00:00,696debb38e4cf87559b30126,2026-01-19T10:46:05.091054,2026-01-19T10:46:05.091057
Headphone C,Electronics,Retail Sale,3000,2500,7,2026-01-10T00:00:00,696debb38e4cf87559b30126,2026-01-19T10:46:05.091067,2026-01-19T10:46:05.091070
Smartwatch E,Electronics,Retail Sale,12000,9000,7,2026-01-27T00:00:00,696debb38e4cf87559b30126,2026-01-19T10:46:05.091080,2026-01-19T10:46:05.091083
Smartwatch E,Electronics,Retail Sale,12000,9000,1,2026-01-28T00:00:00,696debb38e4cf87559b30126,2026-01-19T10:46:05.091093,2026-01-19T10:46:05.091095
Smartwatch E,Electronics,Retail Sale,12000,9000,8,2026-02-23T00:00:00,696debb38e4cf87559b30126,2026-01-19T10:46:05.091106,2026-01-19T10:46:05.091108
TV D,Electronics,Retail Sale,45000,40000,7,2026-02-28T00:00:00,696debb38e4cf87559b30126,2026-01-19T10:46:05.091119,2026-01-19T10:46:05.091122
Smartwatch E,Electronics,Retail Sale,12000,9000,5,2026-02-11T00:00:00,696debb38e4cf87559b30126,2026-01-19T10:46:05.091132,2026-01-19T10:46:05.091134
TV D,Electronics,Retail Sale,45000,40000,6,2026-02-15T00:00:00,696debb38e4cf87559b30126,2026-01-19T10:46:05.091145,2026-01-19T10:46:05.091148
Smartwatch E,Electronics,Retail Sale,12000,9000,3,2026-02-12T00:00:00,696debb38e4cf87559b30126,2026-01-19T10:46:05.091158,2026-01-19T10:46:05.091161
Smartwatch E,Electronics,Retail Sale,12000,9000,6,2026-01-04T00:00:00,696debb38e4cf87559b30126,2026-01-19T10:46:05.091172,2026-01-19T10:46:05.091174
Smartphone A,Electronics,Retail Sale,25000,21000,1,2026-01-17T00:00:00,696debb38e4cf87559b30126,2026-01-19T10:46:05.091184,2026-01-19T10:46:05.091187
Smartphone A,Electronics,Retail Sale,25000,21000,6,2026-02-12T00:00:00,696debb38e4cf87559b30126,2026-01-19T10:46:05.091198,2026-01-19T10:46:05.091200
TV D,Electronics,Retail Sale,45000,40000,10,2026-02-12T00:00:00,696debb38e4cf87559b30126,2026-01-19T10:46:05.091211,2026-01-19T10:46:05.091213
Laptop B,Electronics,Retail Sale,60000,52000,5,2026-01-02T00:00:00,696debb38e4cf87559b30126,2026-01-19T10:46:05.091224,2026-01-19T10:46:05.091227
TV D,Electronics,Retail Sale,45000,40000,7,2026-02-13T00:00:00,696debb38e4cf87559b30126,2026-01-19T10:46:05.091237,2026-01-19T10:46:05.091239
Smartphone A,Electronics,Retail Sale,25000,21000,7,2026-02-12T00:00:00,696debb38e4cf87559b30126,2026-01-19T10:46:05.091250,2026-01-19T10:46:05.091252
Smartphone A,Electronics,Retail Sale,25000,21000,8,2026-01-15T00:00:00,696debb38e4cf87559b30126,2026-01-19T10:46:05.091263,2026-01-19T10:46:05.091266
TV D,Electronics,Retail Sale,45000,40000,9,2026-01-03T00:00:00,696debb38e4cf87559b30126,2026-01-19T10:46:05.091276,2026-01-19T10:46:05.091278
Laptop B,Electronics,Retail Sale,60000,52000,10,2026-01-31T00:00:00,696debb38e4cf87559b30126,2026-01-19T10:46:05.091288,2026-01-19T10:46:05.091291
Smartwatch E,Electronics,Retail Sale,12000,9000,9,2026-01-26T00:00:00,696debb38e4cf87559b30126,2026-01-19T10:46:05.091301,2026-01-19T10:46:05.091304
Smartwatch E,Electronics,Retail Sale,12000,9000,3,2026-02-22T00:00:00,696debb38e4cf87559b30126,2026-01-19T10:46:05.091315,2026-01-19T10:46:05.091317
Headphone C,Electronics,Retail Sale,3000,2500,3,2026-02-25T00:00:00,696debb38e4cf87559b30126,2026-01-19T10:46:05.091328,2026-01-19T10:46:05.091330
Laptop B,Electronics,Retail Sale,60000,52000,4,2026-03-01T00:00:00,696debb38e4cf87559b30126,2026-01-19T10:46:05.091341,2026-01-19T10:46:05.091343
Smartwatch E,Electronics,Retail Sale,12000,9000,9,2026-01-01T00:00:00,696debb38e4cf87559b30126,2026-01-19T10:46:05.091353,2026-01-19T10:46:05.091356
Smartphone A,Electronics,Retail Sale,25000,21000,4,2026-01-19T00:00:00,696debb38e4cf87559b30126,2026-01-19T10:46:05.091366,2026-01-19T10:46:05.091368
Laptop B,Electronics,Retail Sale,60000,52000,7,2026-02-17T00:00:00,696debb38e4cf87559b30126,2026-01-19T10:46:05.091379,2026-01-19T10:46:05.091381
Smartphone A,Electronics,Retail Sale,25000,21000,10,2026-02-02T00:00:00,696debb38e4cf87559b30126,2026-01-19T10:46:05.091391,2026-01-19T10:46:05.091394
Smartphone A,Electronics,Retail Sale,25000,21000,6,2026-01-19T00:00:00,696debb38e4cf87559b30126,2026-01-19T10:46:05.091404,2026-01-19T10:46:05.091407
TV D,Electronics,Retail Sale,45000,40000,10,2026-01-29T00:00:00,696debb38e4cf87559b30126,2026-01-19T10:46:05.091417,2026-01-19T10:46:05.091419
Laptop B,Electronics,Retail Sale,60000,52000,7,2026-02-02T00:00:00,696debb38e4cf87559b30126,2026-01-19T10:46:05.091429,2026-01-19T10:46:05.091432
Laptop B,Electronics,Retail Sale,60000,52000,1,2026-01-27T00:00:00,696debb38e4cf87559b30126,2026-01-19T10:46:05.091442,2026-01-19T10:46:05.091445
Headphone C,Electronics,Retail Sale,3000,2500,2,2026-02-19T00:00:00,696debb38e4cf87559b30126,2026-01-19T10:46:05.091455,2026-01-19T10:46:05.091458
Smartwatch E,Electronics,Retail Sale,12000,9000,8,2026-02-27T00:00:00,696debb38e4cf87559b30126,2026-01-19T10:46:05.091468,2026-01-19T10:46:05.091470
TV D,Electronics,Retail Sale,45000,40000,9,2026-01-15T00:00:00,696debb38e4cf87559b30126,2026-01-19T10:46:05.091481,2026-01-19T10:46:05.091484
Smartphone A,Electronics,Retail Sale,25000,21000,10,2026-01-26T00:00:00,696debb38e4cf87559b30126,2026-01-19T10:46:05.091494,2026-01-19T10:46:05.091497
TV D,Electronics,Retail Sale,45000,40000,7,2026-02-12T00:00:00,696debb38e4cf87559b30126,2026-01-19T10:46:05.091507,2026-01-19T10:46:05.091510
Smartphone A,Electronics,Retail Sale,25000,21000,5,2026-02-14T00:00:00,696debb38e4cf87559b30126,2026-01-19T10:46:05.091520,2026-01-19T10:46:05.091523
TV D,Electronics,Retail Sale,45000,40000,1,2026-01-01T00:00:00,696debb38e4cf87559b30126,2026-01-19T10:46:05.091533,2026-01-19T10:46:05.091535
Laptop B,Electronics,Retail Sale,60000,52000,7,2026-02-24T00:00:00,696debb38e4cf87559b30126,2026-01-19T10:46:05.091546,2026-01-19T10:46:05.091549
TV D,Electronics,Retail Sale,45000,40000,4,2026-01-13T00:00:00,696debb38e4cf87559b30126,2026-01-19T10:46:05.091559,2026-01-19T10:46:05.091562
Laptop B,Electronics,Retail Sale,60000,52000,8,2026-01-28T00:00:00,696debb38e4cf87559b30126,2026-01-19T10:46:05.091572,2026-01-19T10:46:05.091575
Headphone C,Electronics,Retail Sale,3000,2500,3,2026-02-09T00:00:00,696debb38e4cf87559b30126,2026-01-19T10:46:05.091585,2026-01-19T10:46:05.091588
Headphone C,Electronics,Retail Sale,3000,2500,10,2026-01-15T00:00:00,696debb38e4cf87559b30126,2026-01-19T10:46:05.091599,2026-01-19T10:46:05.091601
TV D,Electronics,Retail Sale,45000,40000,10,2026-02-15T00:00:00,696debb38e4cf87559b30126,2026-01-19T10:46:05.091612,2026-01-19T10:46:05.091614
Smartphone A,Electronics,Retail Sale,25000,21000,6,2026-02-22T00:00:00,696debb38e4cf87559b30126,2026-01-19T10:46:05.091624,2026-01-19T10:46:05.091627
Smartwatch E,Electronics,Retail Sale,12000,9000,5,2026-01-26T00:00:00,696debb38e4cf87559b30126,2026-01-19T10:46:05.091639,2026-01-19T10:46:05.091641
Smartphone A,Electronics,Retail Sale,25000,21000,6,2026-02-14T00:00:00,696debb38e4cf87559b30126,2026-01-19T10:46:05.091652,2026-01-19T10:46:05.091655
Headphone C,Electronics,Retail Sale,3000,2500,10,2026-02-04T00:00:00,696debb38e4cf87559b30126,2026-01-19T10:46:05.091666,2026-01-19T10:46:05.091668
Smartphone A,Electronics,Retail Sale,25000,21000,5,2026-02-06T00:00:00,696debb38e4cf87559b30126,2026-01-19T10:46:05.091679,2026-01-19T10:46:05.091682
Smartwatch E,Electronics,Retail Sale,12000,9000,8,2026-01-08T00:00:00,696debb38e4cf87559b30126,2026-01-19T10:46:05.091693,2026-01-19T10:46:05.091696
Headphone C,Electronics,Retail Sale,3000,2500,2,2026-02-16T00:00:00,696debb38e4cf87559b30126,2026-01-19T10:46:05.091706,2026-01-19T10:46:05.091709
TV D,Electronics,Retail Sale,45000,40000,5,2026-01-20T00:00:00,696debb38e4cf87559b30126,2026-01-19T10:46:05.091719,2026-01-19T10:46:05.091722
Smartwatch E,Electronics,Retail Sale,12000,9000,2,2026-01-08T00:00:00,696debb38e4cf87559b30126,2026-01-19T10:46:05.091732,2026-01-19T10:46:05.091735
Headphone C,Electronics,Retail Sale,3000,2500,5,2026-02-20T00:00:00,696debb38e4cf87559b30126,2026-01-19T10:46:05.091746,2026-01-19T10:46:05.091748
Headphone C,Electronics,Retail Sale,3000,2500,2,2026-02-25T00:00:00,696debb38e4cf87559b30126,2026-01-19T10:46:05.091759,2026-01-19T10:46:05.091761
Smartphone A,Electronics,Retail Sale,25000,21000,2,2026-01-07T00:00:00,696debb38e4cf87559b30126,2026-01-19T10:46:05.091772,2026-01-19T10:46:05.091774
Laptop B,Electronics,Retail Sale,60000,52000,3,2026-02-10T00:00:00,696debb38e4cf87559b30126,2026-01-19T10:46:05.091794,2026-01-19T10:46:05.091797
Laptop B,Electronics,Retail Sale,60000,52000,6,2026-02-10T00:00:00,696debb38e4cf87559b30126,2026-01-19T10:46:05.091808,2026-01-19T10:46:05.091811
TV D,Electronics,Retail Sale,45000,40000,7,2026-01-05T00:00:00,696debb38e4cf87559b30126,2026-01-19T10:46:05.091822,2026-01-19T10:46:05.091825
TV D,Electronics,Retail Sale,45000,40000,7,2026-01-07T00:00:00,696debb38e4cf87559b30126,2026-01-19T10:46:05.091835,2026-01-19T10:46:05.091838
Smartphone A,Electronics,Retail Sale,25000,21000,6,2026-01-27T00:00:00,696debb38e4cf87559b30126,2026-01-19T10:46:05.091849,2026-01-19T10:46:05.091852
Smartphone A,Electronics,Retail Sale,25000,21000,5,2026-01-15T00:00:00,696debb38e4cf87559b30126,2026-01-19T10:46:05.091862,2026-01-19T10:46:05.091865
Smartwatch E,Electronics,Retail Sale,12000,9000,7,2026-02-10T00:00:00,696debb38e4cf87559b30126,2026-01-19T10:46:05.091875,2026-01-19T10:46:05.091878
Headphone C,Electronics,Retail Sale,3000,2500,2,2026-02-27T00:00:00,696debb38e4cf87559b30126,2026-01-19T10:46:05.091889,2026-01-19T10:46:05.091891
Smartphone A,Electronics,Retail Sale,25000,21000,6,2026-02-13T00:00:00,696debb38e4cf87559b30126,2026-01-19T10:46:05.091902,2026-01-19T10:46:05.091905
Laptop B,Electronics,Retail Sale,60000,52000,9,2026-01-03T00:00:00,696debb38e4cf87559b30126,2026-01-19T10:46:05.091923,2026-01-19T10:46:05.091926
Smartwatch E,Electronics,Retail Sale,12000,9000,6,2026-01-24T00:00:00,696debb38e4cf87559b30126,2026-01-19T10:46:05.091937,2026-01-19T10:46:05.091940
TV D,Electronics,Retail Sale,45000,40000,8,2026-02-11T00:00:00,696debb38e4cf87559b30126,2026-01-19T10:46:05.091951,2026-01-19T10:46:05.091954
Smartwatch E,Electronics,Retail Sale,12000,9000,5,2026-01-22T00:00:00,696debb38e4cf87559b30126,2026-01-19T10:46:05.091964,2026-01-19T10:46:05.091967
Smartwatch E,Electronics,Retail Sale,12000,9000,8,2026-01-12T00:00:00,696debb38e4cf87559b30126,2026-01-19T10:46:05.091977,2026-01-19T10:46:05.091980
Headphone C,Electronics,Retail Sale,3000,2500,5,2026-02-20T00:00:00,696debb38e4cf87559b30126,2026-01-19T10:46:05.091990,2026-01-19T10:46:05.091993
Smartphone A,Electronics,Retail Sale,25000,21000,8,2026-01-11T00:00:00,696debb38e4cf87559b30126,2026-01-19T10:46:05.092003,2026-01-19T10:46:05.092006
Smartwatch E,Electronics,Retail Sale,12000,9000,1,2026-02-22T00:00:00,696debb38e4cf87559b30126,2026-01-19T10:46:05.092017,2026-01-19T10:46:05.092020
Smartphone A,Electronics,Retail Sale,25000,21000,4,2026-01-03T00:00:00,696debb38e4cf87559b30126,2026-01-19T10:46:05.092031,2026-01-19T10:46:05.092034
Smartphone A,Electronics,Retail Sale,25000,21000,10,2026-02-09T00:00:00,696debb38e4cf87559b30126,2026-01-19T10:46:05.092045,2026-01-19T10:46:05.092048
Laptop B,Electronics,Retail Sale,60000,52000,10,2026-02-13T00:00:00,696debb38e4cf87559b30126,2026-01-19T10:46:05.092059,2026-01-19T10:46:05.092062
Headphone C,Electronics,Retail Sale,3000,2500,1,2026-01-26T00:00:00,696debb38e4cf87559b30126,2026-01-19T10:46:05.092073,2026-01-19T10:46:05.092076
Headphone C,Electronics,Retail Sale,3000,2500,4,2026-01-13T00:00:00,696debb38e4cf87559b30126,2026-01-19T10:46:05.092087,2026-01-19T10:46:05.092090
TV D,Electronics,Retail Sale,45000,40000,8,2026-01-24T00:00:00,696debb38e4cf87559b30126,2026-01-19T10:46:05.092100,2026-01-19T10:46:05.092103
Smartphone A,Electronics,Retail Sale,25000,21000,6,2026-01-29T00:00:00,696debb38e4cf87559b30126,2026-01-19T10:46:05.092114,2026-01-19T10:46:05.092116
Headphone C,Electronics,Retail Sale,3000,2500,8,2026-01-19T00:00:00,696debb38e4cf87559b30126,2026-01-19T10:46:05.092127,2026-01-19T10:46:05.092130
Smartphone A,Electronics,Retail Sale,25000,21000,10,2026-02-26T00:00:00,696debb38e4cf87559b30126,2026-01-19T10:46:05.092141,2026-01-19T10:46:05.092144
TV D,Electronics,Retail Sale,45000,40000,4,2026-01-21T00:00:00,696debb38e4cf87559b30126,2026-01-19T10:46:05.092155,2026-01-19T10:46:05.092157
Smartwatch E,Electronics,Retail Sale,12000,9000,7,2026-01-09T00:00:00,696debb38e4cf87559b30126,2026-01-19T10:46:05.092168,2026-01-19T10:46:05.092171
Smartphone A,Electronics,Retail Sale,25000,21000,4,2026-01-03T00:00:00,696debb38e4cf87559b30126,2026-01-19T10:46:05.092182,2026-01-19T10:46:05.092184
TV D,Electronics,Retail Sale,45000,40000,5,2026-02-06T00:00:00,696debb38e4cf87559b30126,2026-01-19T10:46:05.092195,2026-01-19T10:46:05.092198
TV D,Electronics,Retail Sale,45000,40000,6,2026-01-10T00:00:00,696debb38e4cf87559b30126,2026-01-19T10:46:05.092208,2026-01-19T10:46:05.092211
Smartwatch E,Electronics,Retail Sale,12000,9000,2,2026-02-21T00:00:00,696debb38e4cf87559b30126,2026-01-19T10:46:05.092222,2026-01-19T10:46:05.092224
Headphone C,Electronics,Retail Sale,3000,2500,6,2026-01-13T00:00:00,696debb38e4cf87559b30126,2026-01-19T10:46:05.092235,2026-01-19T10:46:05.092238
Laptop B,Electronics,Retail Sale,60000,52000,1,2026-01-23T00:00:00,696debb38e4cf87559b30126,2026-01-19T10:46:05.092250,2026-01-19T10:46:05.092253
Laptop B,Electronics,Retail Sale,60000,52000,10,2026-01-19T00:00:00,696debb38e4cf87559b30126,2026-01-19T10:46:05.092264,2026-01-19T10:46:05.092267
TV D,Electronics,Retail Sale,45000,40000,5,2026-02-27T00:00:00,696debb38e4cf87559b30126,2026-01-19T10:46:05.092278,2026-01-19T10:46:05.092280
TV D,Electronics,Retail Sale,45000,40000,1,2026-02-19T00:00:00,696debb38e4cf87559b30126,2026-01-19T10:46:05.092292,2026-01-19T10:46:05.092294
Smartphone A,Electronics,Retail Sale,25000,21000,6,2026-02-01T00:00:00,696debb38e4cf87559b30126,2026-01-19T10:46:05.092305,2026-01-19T10:46:05.092308
Smartphone A,Electronics,Retail Sale,25000,21000,2,2026-01-05T00:00:00,696debb38e4cf87559b30126,2026-01-19T10:46:05.092320,2026-01-19T10:46:05.092323
TV D,Electronics,Retail Sale,45000,40000,4,2026-02-26T00:00:00,696debb38e4cf87559b30126,2026-01-19T10:46:05.092334,2026-01-19T10:46:05.092337
Headphone C,Electronics,Retail Sale,3000,2500,5,2026-02-02T00:00:00,696debb38e4cf87559b30126,2026-01-19T10:46:05.092347,2026-01-19T10:46:05.092350
TV D,Electronics,Retail Sale,45000,40000,8,2026-01-19T00:00:00,696debb38e4cf87559b30126,2026-01-19T10:46:05.092361,2026-01-19T10:46:05.092364
Laptop B,Electronics,Retail Sale,60000,52000,8,2026-02-04T00:00:00,696debb38e4cf87559b30126,2026-01-19T10:46:05.092375,2026-01-19T10:46:05.092378
Smartwatch E,Electronics,Retail Sale,12000,9000,5,2026-02-11T00:00:00,696debb38e4cf87559b30126,2026-01-19T10:46:05.092388,2026-01-19T10:46:05.092391
Headphone C,Electronics,Retail Sale,3000,2500,4,2026-01-27T00:00:00,696debb38e4cf87559b30126,2026-01-19T10:46:05.092403,2026-01-19T10:46:05.092406
TV D,Electronics,Retail Sale,45000,40000,5,2026-01-03T00:00:00,696debb38e4cf87559b30126,2026-01-19T10:46:05.092417,2026-01-19T10:46:05.092420
Headphone C,Electronics,Retail Sale,3000,2500,4,2026-01-17T00:00:00,696debb38e4cf87559b30126,2026-01-19T10:46:05.092431,2026-01-19T10:46:05.092434
Smartphone A,Electronics,Retail Sale,25000,21000,5,2026-01-04T00:00:00,696debb38e4cf87559b30126,2026-01-19T10:46:05.092445,2026-01-19T10:46:05.092448
Smartphone A,Electronics,Retail Sale,25000,21000,6,2026-01-17T00:00:00,696debb38e4cf87559b30126,2026-01-19T10:46:05.092458,2026-01-19T10:46:05.092461
Headphone C,Electronics,Retail Sale,3000,2500,6,2026-01-09T00:00:00,696debb38e4cf87559b30126,2026-01-19T10:46:05.092472,2026-01-19T10:46:05.092475
Smartphone A,Electronics,Retail Sale,25000,21000,1,2026-01-28T00:00:00,696debb38e4cf87559b30126,2026-01-19T10:46:05.092485,2026-01-19T10:46:05.092488
Headphone C,Electronics,Retail Sale,3000,2500,1,2026-01-19T00:00:00,696debb38e4cf87559b30126,2026-01-19T10:46:05.092499,2026-01-19T10:46:05.092502
TV D,Electronics,Retail Sale,45000,40000,7,2026-02-01T00:00:00,696debb38e4cf87559b30126,2026-01-19T10:46:05.092512,2026-01-19T10:46:05.092515
Smartwatch E,Electronics,Retail Sale,12000,9000,6,2026-02-26T00:00:00,696debb38e4cf87559b30126,2026-01-19T10:46:05.092526,2026-01-19T10:46:05.092529
Headphone C,Electronics,Retail Sale,3000,2500,4,2026-01-19T00:00:00,696debb38e4cf87559b30126,2026-01-19T10:46:05.092540,2026-01-19T10:46:05.092542
Smartphone A,Electronics,Retail Sale,25000,21000,8,2026-01-15T00:00:00,696debb38e4cf87559b30126,2026-01-19T10:46:05.092553,2026-01-19T10:46:05.092556
Smartphone A,Electronics,Retail Sale,25000,21000,7,2026-01-01T00:00:00,696debb38e4cf87559b30126,2026-01-19T10:46:05.092586,2026-01-19T10:46:05.092589
Laptop B,Electronics,Retail Sale,60000,52000,7,2026-02-12T00:00:00,696debb38e4cf87559b30126,2026-01-19T10:46:05.092600,2026-01-19T10:46:05.092603
Smartwatch E,Electronics,Retail Sale,12000,9000,3,2026-02-22T00:00:00,696debb38e4cf87559b30126,2026-01-19T10:46:05.092613,2026-01-19T10:46:05.092616
Smartwatch E,Electronics,Retail Sale,12000,9000,10,2026-01-20T00:00:00,696debb38e4cf87559b30126,2026-01-19T10:46:05.092627,2026-01-19T10:46:05.092630
Smartwatch E,Electronics,Retail Sale,12000,9000,7,2026-01-03T00:00:00,696debb38e4cf87559b30126,2026-01-19T10:46:05.092641,2026-01-19T10:46:05.092644
Smartphone A,Electronics,Retail Sale,25000,21000,10,2026-02-12T00:00:00,696debb38e4cf87559b30126,2026-01-19T10:46:05.092655,2026-01-19T10:46:05.092658
TV D,Electronics,Retail Sale,45000,40000,1,2026-01-22T00:00:00,696debb38e4cf87559b30126,2026-01-19T10:46:05.092668,2026-01-19T10:46:05.092671
Smartphone A,Electronics,Retail Sale,25000,21000,6,2026-02-13T00:00:00,696debb38e4cf87559b30126,2026-01-19T10:46:05.092682,2026-01-19T10:46:05.092685
Smartwatch E,Electronics,Retail Sale,12000,9000,4,2026-01-20T00:00:00,696debb38e4cf87559b30126,2026-01-19T10:46:05.092696,2026-01-19T10:46:05.092699
Smartwatch E,Electronics,Retail Sale,12000,9000,2,2026-02-14T00:00:00,696debb38e4cf87559b30126,2026-01-19T10:46:05.092710,2026-01-19T10:46:05.092713
Smartwatch E,Electronics,Retail Sale,12000,9000,5,2026-01-29T00:00:00,696debb38e4cf87559b30126,2026-01-19T10:46:05.092723,2026-01-19T10:46:05.092726
Headphone C,Electronics,Retail Sale,3000,2500,5,2026-01-04T00:00:00,696debb38e4cf87559b30126,2026-01-19T10:46:05.092737,2026-01-19T10:46:05.092740
TV D,Electronics,Retail Sale,45000,40000,8,2026-02-26T00:00:00,696debb38e4cf87559b30126,2026-01-19T10:46:05.092750,2026-01-19T10:46:05.092753
Smartwatch E,Electronics,Retail Sale,12000,9000,5,2026-02-03T00:00:00,696debb38e4cf87559b30126,2026-01-19T10:46:05.092764,2026-01-19T10:46:05.092767
Laptop B,Electronics,Retail Sale,60000,52000,8,2026-02-04T00:00:00,696debb38e4cf87559b30126,2026-01-19T10:46:05.092778,2026-01-19T10:46:05.092781
Laptop B,Electronics,Retail Sale,60000,52000,10,2026-01-25T00:00:00,696debb38e4cf87559b30126,2026-01-19T10:46:05.092792,2026-01-19T10:46:05.092795
Smartphone A,Electronics,Retail Sale,25000,21000,8,2026-01-06T00:00:00,696debb38e4cf87559b30126,2026-01-19T10:46:05.092805,2026-01-19T10:46:05.092808
Laptop B,Electronics,Retail Sale,60000,52000,7,2026-02-15T00:00:00,696debb38e4cf87559b30126,2026-01-19T10:46:05.092819,2026-01-19T10:46:05.092822
Smartphone A,Electronics,Retail Sale,25000,21000,1,2026-01-30T00:00:00,696debb38e4cf87559b30126,2026-01-19T10:46:05.092833,2026-01-19T10:46:05.092836
Smartphone A,Electronics,Retail Sale,25000,21000,8,2026-01-24T00:00:00,696debb38e4cf87559b30126,2026-01-19T10:46:05.092847,2026-01-19T10:46:05.092850
Smartphone A,Electronics,Retail Sale,25000,21000,7,2026-02-14T00:00:00,696debb38e4cf87559b30126,2026-01-19T10:46:05.092861,2026-01-19T10:46:05.092864
Laptop B,Electronics,Retail Sale,60000,52000,5,2026-01-24T00:00:00,696debb38e4cf87559b30126,2026-01-19T10:46:05.092874,2026-01-19T10:46:05.092877
Smartwatch E,Electronics,Retail Sale,12000,9000,2,2026-01-12T00:00:00,696debb38e4cf87559b30126,2026-01-19T10:46:05.092889,2026-01-19T10:46:05.092891
TV D,Electronics,Retail Sale,45000,40000,7,2026-01-01T00:00:00,696debb38e4cf87559b30126,2026-01-19T10:46:05.092902,2026-01-19T10:46:05.092905
Headphone C,Electronics,Retail Sale,3000,2500,6,2026-01-04T00:00:00,696debb38e4cf87559b30126,2026-01-19T10:46:05.092925,2026-01-19T10:46:05.092928
Headphone C,Electronics,Retail Sale,3000,2500,4,2026-01-12T00:00:00,696debb38e4cf87559b30126,2026-01-19T10:46:05.092939,2026-01-19T10:46:05.092942
Headphone C,Electronics,Retail Sale,3000,2500,5,2026-02-10T00:00:00,696debb38e4cf87559b30126,2026-01-19T10:46:05.092953,2026-01-19T10:46:05.092956
Smartwatch E,Electronics,Retail Sale,12000,9000,4,2026-01-24T00:00:00,696debb38e4cf87559b30126,2026-01-19T10:46:05.092967,2026-01-19T10:46:05.092970
Headphone C,Electronics,Retail Sale,3000,2500,1,2026-02-22T00:00:00,696debb38e4cf87559b30126,2026-01-19T10:46:05.092980,2026-01-19T10:46:05.092983
Smartphone A,Electronics,Retail Sale,25000,21000,1,2026-01-04T00:00:00,696debb38e4cf87559b30126,2026-01-19T10:46:05.092994,2026-01-19T10:46:05.092997
Smartphone A,Electronics,Retail Sale,25000,21000,8,2026-03-01T00:00:00,696debb38e4cf87559b30126,2026-01-19T10:46:05.093008,2026-01-19T10:46:05.093011
Smartwatch E,Electronics,Retail Sale,12000,9000,7,2026-01-11T00:00:00,696debb38e4cf87559b30126,2026-01-19T10:46:05.093021,2026-01-19T10:46:05.093024
TV D,Electronics,Retail Sale,45000,40000,2,2026-02-08T00:00:00,696debb38e4cf87559b30126,2026-01-19T10:46:05.093035,2026-01-19T10:46:05.093038
Smartwatch E,Electronics,Retail Sale,12000,9000,9,2026-01-31T00:00:00,696debb38e4cf87559b30126,2026-01-19T10:46:05.093048,2026-01-19T10:46:05.093051
Smartphone A,Electronics,Retail Sale,25000,21000,1,2026-01-11T00:00:00,696debb38e4cf87559b30126,2026-01-19T10:46:05.093062,2026-01-19T10:46:05.093065
Smartphone A,Electronics,Retail Sale,25000,21000,6,2026-01-08T00:00:00,696debb38e4cf87559b30126,2026-01-19T10:46:05.093075,2026-01-19T10:46:05.093078
Laptop B,Electronics,Retail Sale,60000,52000,10,2026-02-25T00:00:00,696debb38e4cf87559b30126,2026-01-19T10:46:05.093089,2026-01-19T10:46:05.093092
TV D,Electronics,Retail Sale,45000,40000,4,2026-02-03T00:00:00,696debb38e4cf87559b30126,2026-01-19T10:46:05.093102,2026-01-19T10:46:05.093105
TV D,Electronics,Retail Sale,45000,40000,7,2026-02-22T00:00:00,696debb38e4cf87559b30126,2026-01-19T10:46:05.093116,2026-01-19T10:46:05.093119
Smartwatch E,Electronics,Retail Sale,12000,9000,10,2026-01-22T00:00:00,696debb38e4cf87559b30126,2026-01-19T10:46:05.093130,2026-01-19T10:46:05.093132
Laptop B,Electronics,Retail Sale,60000,52000,6,2026-01-07T00:00:00,696debb38e4cf87559b30126,2026-01-19T10:46:05.093143,2026-01-19T10:46:05.093146
TV D,Electronics,Retail Sale,45000,40000,4,2026-01-03T00:00:00,696debb38e4cf87559b30126,2026-01-19T10:46:05.093157,2026-01-19T10:46:05.093160
Smartphone A,Electronics,Retail Sale,25000,21000,5,2026-02-27T00:00:00,696debb38e4cf87559b30126,2026-01-19T10:46:05.093170,2026-01-19T10:46:05.093173
Smartwatch E,Electronics,Retail Sale,12000,9000,10,2026-02-25T00:00:00,696debb38e4cf87559b30126,2026-01-19T10:46:05.093184,2026-01-19T10:46:05.093187
TV D,Electronics,Retail Sale,45000,40000,4,2026-02-01T00:00:00,696debb38e4cf87559b30126,2026-01-19T10:46:05.093197,2026-01-19T10:46:05.093200
TV D,Electronics,Retail Sale,45000,40000,9,2026-01-26T00:00:00,696debb38e4cf87559b30126,2026-01-19T10:46:05.093211,2026-01-19T10:46:05.093214
Laptop B,Electronics,Retail Sale,60000,52000,2,2026-02-01T00:00:00,696debb38e4cf87559b30126,2026-01-19T10:46:05.093225,2026-01-19T10:46:05.093228
Smartphone A,Electronics,Retail Sale,25000,21000,4,2026-02-13T00:00:00,696debb38e4cf87559b30126,2026-01-19T10:46:05.093239,2026-01-19T10:46:05.093241
Headphone C,Electronics,Retail Sale,3000,2500,5,2026-02-05T00:00:00,696debb38e4cf87559b30126,2026-01-19T10:46:05.093253,2026-01-19T10:46:05.093256
Smartwatch E,Electronics,Retail Sale,12000,9000,6,2026-02-24T00:00:00,696debb38e4cf87559b30126,2026-01-19T10:46:05.093267,2026-01-19T10:46:05.093270
TV D,Electronics,Retail Sale,45000,40000,6,2026-02-22T00:00:00,696debb38e4cf87559b30126,2026-01-19T10:46:05.093281,2026-01-19T10:46:05.093284
Smartwatch E,Electronics,Retail Sale,12000,9000,2,2026-01-28T00:00:00,696debb38e4cf87559b30126,2026-01-19T10:46:05.093294,2026-01-19T10:46:05.093297
